x1,x2,x3,x4,x5,x6,y
-1.0,0.3669640157212156,0.2992682522290725,-1.0,1.0,1.0,6.938502428050602
0.5916792714695438,-0.10980889115664472,0.08036291363493259,-0.07203516304502267,-1.0,-0.9282445117639491,3.653026560050888
0.2957007570583092,-0.9321108006137121,-0.2646502341777811,1.0,1.0,0.6522503052880579,-0.7445257115146813
1.0,0.5177288349808822,0.4593911260780399,1.0,0.23753086038044202,0.594442733322007,-1.347680150527125
-1.0,-0.9479228462113997,-0.9282601556589771,-0.7893053980936671,0.19294775799686703,0.45489256162090347,-4.8644747510748285
1.0,0.6660289659053558,0.8019204579201196,0.7138288211363351,0.26494027365222056,-0.040793542932964166,-0.8407267461607478
1.0,-0.054772495400963184,-0.12309208519186554,-0.40006806379252485,-0.6520962486000297,-1.0,5.280596298937507
-1.0,0.557273014051898,-0.06194163362207927,0.16825203523986632,-0.29621410461076436,-0.6897975284200446,0.20027279293891453
-0.030769017537916277,-1.0,-1.0,-0.8025329565026995,-0.8128524904624932,-0.03921364766585839,0.3622085770743225
-0.9339815690231936,-0.28221420097727623,0.22288289027895825,-0.6978390609670155,0.35435827162256056,0.9512426254188744,0.5967339623370221
0.2494907377511042,-0.2520981540645512,-1.0,-0.5280845025068838,0.44001625819832946,1.0,4.538075858651546
-0.8585022552174839,-0.6945759791601633,-0.2255816209124193,-1.0,1.0,1.0,5.117135335718595
1.0,1.0,0.747569725253975,0.3974713344171973,-1.0,-0.3797928902265383,3.3619171646120374
-1.0,-0.904830111266532,-1.0,-1.0,-1.0,-0.05520887196413016,-2.178706254243629
0.6108824373171008,-1.0,0.830160329892171,-0.07327088527018563,-0.02892745076425196,0.3559376159040812,1.6662490728819128
-0.06926428948846142,-1.0,-1.0,-0.6034323966063382,-1.0,0.004038484380031959,-1.4035972058204387
0.33672567085764515,-0.31001229809619313,1.0,0.7084875916625639,-0.3481538856145012,0.19891158694893663,-0.9663765943694304
1.0,-0.23854069231666508,-0.44777414667642795,1.0,0.549227183984683,0.22876993357507236,-0.5453159563498641
-1.0,0.12135964153153228,-0.49460630522839777,0.593588539988136,0.6533136128203622,0.7473445295836474,4.440450982189959
-0.9835562415478892,0.5094612595196784,0.6258133544759032,-0.2613693308596534,1.0,1.0,2.686237186711334
-0.4198735504298449,-0.02381807415024817,-1.0,0.48421674116180113,0.19636379571203802,0.1788861547529188,1.2177288220148526
-0.9457730118125764,-1.0,-0.907704191932087,-1.0,-1.0,-0.28224377559275604,-0.5444949482865862
1.0,0.761282786611392,1.0,1.0,1.0,1.0,-9.176993234582334
-0.047670007002434955,-0.45691931791892926,-0.859049809783919,-1.0,-0.09837829646822593,0.06819600466537779,-1.7905849749967135
-0.7369349443751498,-0.04377072296900497,-0.16952770767373038,0.48021633080304593,0.20360615265299653,0.5292086165824569,1.0388088237047537
-0.7928485626702044,-0.29438895429850687,-1.0,-1.0,0.366667484705676,0.31728643531719003,-1.6144586803654883
0.6891265196762133,1.0,-0.1376213184649666,0.19243990235010286,0.6952312132234469,1.0,3.557007947933331
-1.0,-0.4021209677709726,-0.45410903372436734,-0.06794994045459496,-0.2905527205750068,-0.3415024332956138,-0.8601676047333742
-1.0,0.7030884066614312,-0.3569806232989253,-0.753961092063958,-0.47891710389594633,0.33928516563906436,-0.6911452024692688
0.3346451881870318,-1.0,-1.0,0.11061619324595706,0.8193135027425853,0.022496535172361068,-3.580104711456899
-0.9375953771582046,-0.10477233111470668,0.933622808201013,1.0,0.3079425208799955,0.6745329167398292,-2.20039074821007
1.0,1.0,0.5046617196941081,0.7200076793429588,-0.6503422759643943,-1.0,7.443630096356153
-0.012940794712400339,-0.3103038732226501,0.1483121600069226,0.37618491600492254,-0.18505147615694262,-0.061392250297426676,0.2862109429257544
0.6293202682239396,1.0,1.0,0.9586369421742713,0.3305135132240391,-0.9472199827566454,-1.2541470553518805
1.0,0.34693915797460795,1.0,1.0,-1.0,-0.47009104262123746,6.5203314119864775
0.39096328790316615,1.0,1.0,1.0,-0.6811769971814141,-1.0,3.2078937627919117
-0.2748393290871946,1.0,0.5287451508581196,0.7896544203180618,-0.11738648168678328,0.7780462417892015,-2.228215499105806
-1.0,0.3110125411855692,-1.0,-0.0753208369929208,-1.0,-1.0,0.5474337322951618
0.22223292858124064,-0.0588655545821512,-0.6982584574669122,-1.0,-0.19827312958274648,0.9450290437154377,4.0302673414614
-1.0,-1.0,0.11798591363526878,-1.0,-1.0,-1.0,6.530895214450881
1.0,-0.6425729893456047,-0.799452585809102,0.3519040263860733,0.27681936141476005,0.16459281804209835,-0.3788416474908598
0.47355610671824344,-0.06719374141596224,1.0,0.529110183825761,-1.0,-0.08003224481010407,1.6245096258923803
0.9470138934040628,0.8960139361988608,0.8982841724663109,0.06578173088388195,-0.9622650426763296,-1.0,4.825773760946393
-1.0,-0.23496384688546945,-1.0,-0.1326123485937064,0.6496999303652138,-1.0,6.455010322774475
1.0,0.2740441741720949,1.0,1.0,0.31035231385359785,1.0,-4.750312816692928
-1.0,0.7400573305092578,0.5541232321662649,0.3733940300136176,-1.0,-1.0,-1.7199039427466118
-0.9381491710456891,-0.052230215840437744,-1.0,-0.8071023757766955,-1.0,1.0,5.788415493295614
-1.0,-1.0,-1.0,-1.0,0.1476292140357509,0.6688523268522178,-5.6293280170146565
1.0,0.9733165818029861,1.0,0.3777995630804194,-1.0,-0.10221623567799076,1.3224144782994265
-0.35021872217284167,-1.0,-0.5185831513404795,-1.0,0.19097471575430813,0.8534172621777705,-2.0351439107130105
0.34701621494572,-0.10221874263368047,0.5427389348842598,-1.0,-0.8822747609692341,0.4360178924102651,1.4718435855797851
0.392121615022874,-0.6089099656764978,-0.5763492900539366,0.19081279240729593,0.0019692957363917074,-1.0,2.2806973256288807
-0.16867272473659423,0.29858780924246653,-0.6835097720829351,0.14917379153454124,0.6487606733306703,1.0,6.256025281775466
0.8564881595762537,1.0,-0.752355518309429,-1.0,1.0,0.05406418749951414,2.401961156544773
0.7961682540223258,1.0,1.0,1.0,1.0,0.0735683822547677,-8.072440094639518
-0.5731931269151119,-0.32106579799219337,-0.99734218180244,-0.21375117814877775,-0.12334080801895286,-0.9451737248027702,4.375428143435677
-0.001327202350471901,1.0,1.0,-0.077370121580148,1.0,1.0,-0.7855533824335267
-0.5483151322127205,1.0,-0.04123953243327705,-0.4247856079993196,-0.6590277019246593,0.163316659733503,-0.004345294288179494
-0.7051895909333313,-0.7654171123414296,0.03390551817356949,-0.036580252343551195,1.0,1.0,4.059633200932456
1.0,0.7059182737786622,-0.8818215368196766,0.9018168317047416,1.0,0.31609208157083835,-3.277633075118281
-0.11911377664522982,-0.16010127919594913,0.4103486248133477,0.13071533824209713,0.11665283031075119,1.0,1.8049613400128992
0.05287678639510229,0.9095456882919866,0.31743358566595936,0.4817853034816173,0.06666951245845198,-0.8424518577001492,1.412569969735761
0.09508320912379942,0.9226707563121761,0.7545606424842642,0.6018676356741139,-1.0,0.28328801615703275,-1.0059644149937197
0.39824885754124967,-1.0,-0.5424685791708,-0.5908060667423369,-1.0,-1.0,6.357430916084235
-0.5237723257328781,-1.0,-0.19922033568342568,-1.0,-0.9841523774662955,-0.01602000398267181,3.382261999907307
0.7339123385971507,1.0,1.0,-0.8185927033686909,-0.2931013607716335,-0.5451502076909416,-1.894330818010694
1.0,-0.10636360096473796,0.1978755071057665,0.5971643712574517,-0.056387776484584595,0.07796134003627053,0.3428587566462222
0.37840942246899734,1.0,1.0,0.22271669222856638,-0.3761743982633916,0.20129402156939608,-1.7475974569943005
-0.9152793270522677,1.0,-1.0,-0.7445833898496221,0.9559835391671121,0.96260937702654,14.338249940063195
-0.838592746345969,-1.0,-1.0,0.02056348554439591,-1.0,-0.3880289076030242,-5.190353477397932
-0.09165964521393516,-0.508287087284205,0.6589747234222685,0.016716052351160582,0.1918854613104679,0.5877075651844733,-0.40710237807643834
-0.7135372164647494,-0.574073709514431,0.722983225539249,-1.0,-0.12359731697612936,1.0,-2.6750976581558064
-1.0,-0.14808311840828958,-1.0,-0.14266979653157802,0.09891848106864831,0.2546399445699503,-0.3164369883517145
-0.4339809159586421,0.17085844505516679,0.15215515625094334,-0.9223566388147434,0.8925565973665499,0.3483265445049871,2.879416179585668
0.5581581474086839,0.3661743028183142,0.19155420633085263,0.5223473503908722,0.12885478472594317,0.5685092046873589,0.5448876365828946
0.3126596588093452,-0.6884428765062314,-0.1350154778383782,0.3827108072242974,-0.34829693003363643,-0.13165307913039886,1.4116412746651825
1.0,0.8233702927364375,1.0,-0.11406902587789802,-1.0,-0.6206087611886179,3.094375232127904
0.8045343279954316,-0.3079780417490534,-0.10873898788592207,-0.21146918457959835,-0.2878095858886584,0.21532506745928137,1.079005323135237
-0.7399426977039294,-1.0,-0.6897518633612836,-0.6602021311674392,1.0,0.17052600215534341,-2.111591131597099
-0.4285920084654653,-0.9192841898629351,-0.7408799622129412,-0.5228982487424652,-0.2400706698040296,-0.07028161324541865,-1.7707296118027738
0.12151532150804362,0.7904814172255017,0.6304914694441646,0.9089360893933554,-1.0,-0.7727688397099606,2.2762795977500727
-0.8104186799052588,-1.0,-1.0,-0.8711344499495214,1.0,1.0,0.19203608807171144
0.5205467798819119,0.5644007716394734,-0.7032944633325992,1.0,1.0,-0.1679830685397461,-0.6206145089610526
1.0,1.0,0.7336827314627725,0.4047583864514288,0.4759300634151269,-1.0,0.2535424626717992
-0.8289442056268633,-0.8559941450735862,-1.0,-0.1871777068928908,0.4026361316995386,0.3345848310560313,-2.292482657183513
-0.12222595169579076,-0.33687637507554014,-0.8403613542770383,0.12940054260615594,1.0,0.07432771957311335,0.13767742424836182
1.0,1.0,0.9624926323478276,0.4278983782426202,0.6156841205810375,0.6691377103239464,-6.234782766506873
-0.7554699747557945,-0.24281173934076405,-1.0,-0.7152274503588956,-0.9572949672232091,1.0,5.920512657885935
-1.0,-0.1133914513648282,-1.0,-1.0,-0.9334442975705329,-0.09667152145620916,-2.768381262976693
0.6799469671301044,0.47461186954034673,0.9401956990294278,0.19251939537158247,1.0,0.9416495566990699,-2.860285801667646
-1.0,-0.24513485628886378,-1.0,-0.21829443477840743,1.0,1.0,8.389805606083678
-0.8694957999104185,-1.0,-1.0,-1.0,1.0,1.0,-0.30948739781339907
-0.15639105985015075,-0.539817703584204,-1.0,0.9328529193963411,-1.0,-0.990984623796987,-0.49489206306225647
-1.0,-0.24309323368551072,-1.0,-1.0,0.43904955535755796,0.9780043109625463,4.218515834233016
-0.1199054215626959,-0.2760474066332884,0.9788257278956456,-0.7282125626657423,0.30660978499962055,0.582439033393886,-1.6999470001646844
-1.0,-0.803928344991955,0.02021643537925233,-1.0,-0.20560424571217562,-1.0,4.480309419257691
-0.8234653849834641,-1.0,-0.8497260266401507,-0.821570590900788,-0.6781103122107697,0.5272394552551434,-2.798345588549416
0.29231467469160005,-1.0,1.0,-0.5272137301717271,0.8793829369017652,0.9916337557744395,-2.8759010594248773
-1.0,-0.8130195470043204,-1.0,-0.3465894150737392,-0.1265141588982649,0.518008120990468,-2.193823761813329
1.0,0.8449592431044579,-0.3024253735110558,0.9348939472475033,1.0,1.0,1.3231185382371204
0.21995867413691006,-1.0,-0.25264779304438356,-1.0,-0.4891037404878633,0.3175313422131892,1.3998908772514431
-0.4027575340564762,-1.0,-0.07995020717582724,-0.4962026271243971,-0.4576241617574943,-1.0,3.4770485183838282
-0.508092042543955,-1.0,0.9625524296077107,-0.38754206666420127,-0.2698597030292855,0.5279067389275436,-0.47609548709314947
-0.5028725324691353,0.5556430157611603,0.6372831081193304,1.0,1.0,0.41324824045988473,0.7281165085882094
0.7613774322250328,-0.9885663533359242,1.0,0.23340107416060868,0.43536775596799404,-1.0,4.1157776401472415
0.529674368049031,1.0,0.6977639751879099,-0.3110235812791331,-0.5928765468182893,1.0,3.1739259780664364
-1.0,-0.9137451490812334,-1.0,-0.3330721326856438,-1.0,-0.8194192123913543,-1.1378587909846503
1.0,1.0,-0.41443734554987216,0.9509050732834532,-0.7662483223262545,0.8051956651180527,7.5928574682267485
1.0,0.9076978430535996,1.0,-0.47971477489734676,-1.0,0.6466645781618214,2.5313284957776916
1.0,0.08586674226502877,0.2699815164617786,1.0,-0.5402097335003634,-1.0,7.375815428095962
0.5188321586243388,0.2558324380460979,-0.026580845395253294,1.0,0.11877603764935152,-1.0,3.0834556586296773
0.7173401716440342,1.0,0.38316281953738895,0.5954111515873755,-1.0,-0.27693782357641095,2.4246828183853197
-0.7175908793578231,-1.0,-0.4507721882097841,-0.3129526036607902,-0.11906020776553228,-1.0,3.5917167536657657
0.0472511948539841,-0.429611377160148,-1.0,0.025469988417540723,0.7144200099073099,1.0,5.637479477883324
-1.0,-1.0,-0.4097866097342595,0.16577188843846496,-1.0,-1.0,-0.5915108812520513
0.7138764322513781,0.27893932149024625,-1.0,0.25273164168835505,-1.0,0.05547953297567983,1.954276107491188
1.0,0.9129492137018901,1.0,0.36997291634365137,-0.5638321518212366,-0.24196112809115797,1.6695128467542217
-0.290904280984412,-0.5343248304102006,0.011726493208933708,-0.01860960383063387,-0.8839790841596338,-0.4543207349988936,0.24892060146341594
1.0,0.17987096165718142,-0.8328949592412032,1.0,-1.0,-0.0228758989898189,2.857667100174349
-0.04769341253233084,0.6807046612409087,0.3506111667323619,0.6348909674582528,-0.18023690644815282,-1.0,3.089402854969292
-0.015045349178095191,0.22039539973789912,-0.47051958388801685,-0.15838127541482905,-0.3561172298955482,-1.0,1.488095140970373
0.3782536017050891,0.4770856564964954,-0.6985942724244472,-1.0,-1.0,0.2552337530623555,3.10120353502528
-0.29768755252563817,-0.21128422189417084,-1.0,-0.7767028801777529,-0.5566596174818301,-0.5490661382284727,-0.20764305725624355
0.516539675843084,-0.7544097015473198,-1.0,-1.0,-1.0,-1.0,8.113496066475937
-0.6438177039426181,-0.3529888025099083,-0.8753892677013586,1.0,-1.0,-0.5008820185759781,-3.2920983142718963
-0.6739433127530332,-0.7873981574937571,-1.0,-0.32332889562015693,-0.6819878815040279,0.5539565412725393,-1.7114193399765913
-1.0,-1.0,-1.0,-1.0,0.5500162168671134,1.0,-3.39750434691752
-1.0,-1.0,-1.0,-0.7615105748419009,1.0,1.0,1.2399793257708032
0.44206395520412084,1.0,-1.0,0.2598318643368944,-1.0,0.29650981367150325,4.133682052707934
1.0,1.0,1.0,0.3409180910750112,0.3871230977261192,-1.0,-1.780696310087734
1.0,1.0,0.33397736285436164,0.7428578687047882,-0.286217913030394,0.4992037670558415,0.6451504256055888
0.5317865645556341,-0.3477957528894192,1.0,-0.4745890426538071,-0.6303378834022846,-0.5717744744223532,2.0776550768929605
-0.5353892089980059,-0.8698183575797813,-0.7853678374356959,-0.6971654508072371,-0.493510755751268,0.6923142173814719,-0.21419634107755647
-0.5792455468805214,-0.7970758237405875,1.0,-0.5306739999025294,-0.5841485637841175,-1.0,4.632166724022923
1.0,0.6486226054445399,-0.3506450178667412,-0.08075184029610688,0.9745084714691218,-1.0,-1.049312081494297
0.05783364606241373,-0.36489820878110474,-0.2323935394576852,0.21733813242019434,-0.5474062146759378,0.028561832271866594,0.3437787971043439
-0.9723859701331572,-0.8599597738414027,-1.0,-0.04642269837308659,0.2017314516616573,0.5202603451419301,-0.7161233962787965
-0.23283246129479762,-0.3726937240927235,-0.387863353450433,-1.0,1.0,1.0,4.656497972625995
1.0,0.047508801920771226,-0.5286192340914835,1.0,1.0,-0.9518758750800554,-1.8653990562236085
1.0,0.4105376172411404,1.0,0.2619477968747989,0.025227938658522985,-0.021392535027143264,-0.1315532007462623
-0.35540192226333117,-1.0,-0.6302721238639022,-0.835665580927115,0.5913298729667262,-0.1010386495640081,-1.987026026909354
-0.17137082436305437,0.889815953589536,1.0,1.0,-1.0,0.24009972222017728,-2.832588151763038
0.5760268435871884,0.30866851462513956,0.42377044651295664,0.026668523821516632,-0.5394043421307105,0.5605094216354722,1.443267031968277
-1.0,-0.016829658393038738,-0.15439343098824176,-1.0,-0.6920437924960663,-1.0,-0.25646739932807616
0.7583786126502227,0.7631598071771193,0.8788782932260839,0.8731416078950072,-0.015201252390034337,0.8581614443176235,-2.18338552050448
-0.6224431446725069,-0.5207929727204497,-1.0,-0.2020487854842099,-0.4924931749599939,-1.0,3.384982115959972
1.0,1.0,1.0,1.0,-0.45377018544422126,0.1796469824724496,-0.5797625986187165
0.2112421343233909,-1.0,-0.79247284002974,-0.7919455776676732,0.38873364880017747,0.6055517428479728,-2.1818880429721244
-0.6990907790908059,-0.7663296502550625,-0.8767257124718615,0.5084724519788845,1.0,0.03362582883543275,-1.5172896238909253
-0.051305828830220834,-0.020124945825445772,-0.40478974489517777,-0.19625389377699676,-0.04290710692329858,-1.0,2.466924372582389
1.0,0.9665672759280632,0.38644933705637263,1.0,1.0,0.9797880312333263,-2.6024066035867306
-0.09313617847800137,1.0,0.9936454157740691,0.6326171376864217,0.007486036237642046,0.39680802758762274,-3.78272511075301
0.9473415771204657,0.6811983757321369,0.8134758074414796,1.0,-1.0,-0.30198941412710734,4.244278311633893
-0.42469116949929586,-0.663281815718594,-1.0,-1.0,-1.0,-1.0,3.9523509042976284
-0.01950783142234236,-0.5919478444937919,-0.7520740644029973,-0.6838091303968642,1.0,0.581434505175644,-0.1129715367366923
-0.1704798995413387,-0.15871543938530674,-0.8193501537443513,0.8745499434895245,-0.3393767824038856,-0.9337434792333303,2.4957202957082223
-1.0,-0.7785821859214654,-0.6498169560686893,0.4173388201212449,0.10859609233206402,-0.03296986445776923,-1.3643652813016678
0.9460544754969107,1.0,1.0,0.949037245935781,-1.0,0.4109148768877996,2.511493476895301
-0.7965405628779128,0.39670440942334817,-0.15036040216243451,-0.8120752533207992,-0.904109524681201,-0.8979475754313689,-0.7889698806931518
0.07159463764604396,1.0,0.7638606357342601,0.006713259547914685,1.0,0.04509986269074695,-1.133287208285613
-0.8262173884660371,-1.0,-1.0,0.47269785571953726,0.3288337497041798,0.9993686974927274,4.217141141803405
0.19403499471896302,0.8260021533083932,1.0,1.0,0.15689084235681128,-0.6427836089489855,-1.8301154414917737
0.311493570799117,-0.5945127289429034,-0.16101621691367907,0.2518335680108189,-1.0,-0.5716783738983866,2.461031658367516
-1.0,-0.021850014307587262,-0.5578782454985898,-0.7082406837996893,0.8269161095735857,-0.02001328071675121,1.570074339761568
-0.052383841118435415,0.3128876381359681,0.5818754577754617,1.0,1.0,0.8056484424764039,0.5115062665004798
-1.0,-1.0,-0.804168942750705,-0.5221798551443222,-0.6099934941538798,-0.08447254795365139,-4.184352237897914
-0.6831084990231251,0.39337258218152904,-0.2411895614794356,-1.0,-0.2194893450703903,0.7677440704939539,1.1886317438137548
0.49355781990022596,1.0,1.0,1.0,-0.9572007605843267,-0.10261544902397746,0.9021128346307425
-0.8954121854921162,-1.0,-1.0,-1.0,-0.0717704774347247,0.5406836634001488,-6.973877195960669
0.16953918360344267,1.0,0.4080480486656547,-0.27621431808671576,0.2766296161766124,0.0693763686047073,-0.4796222831773822
-1.0,-0.9220855804881856,-0.2168077374227375,-1.0,0.10333870939553874,-0.5141719363151089,0.8713565648051639
-1.0,-1.0,-0.23574667044034991,-1.0,0.8259408737543004,-0.7301665566205068,5.057393106698406
-0.22491724564693522,-0.6675924612264252,0.44685927472535214,-0.9995542150671313,1.0,0.3066189831412033,0.8522974412603401
-1.0,-1.0,-1.0,-1.0,-0.20722805209488304,0.22664975688071604,-6.8077706761631225
-1.0,-1.0,-0.9719022714188195,-0.7069057349602375,1.0,0.34839197970586255,-6.142353274555035
-0.9234790366236425,-0.6490159006933911,-0.6946036952993435,0.09874254646716485,-0.34662939714761654,-0.05458228172899271,-1.9345801360814363
-0.526032268061631,0.7151745003740013,-0.07993871453152557,1.0,0.03685194589626284,-0.6686974502568404,1.2848384570304634
-0.0956745876939287,0.9824194643195417,0.7550037483968153,0.5778014382661656,0.7397350536435421,-1.0,0.5254333170693175
-0.8075729820334869,0.7763943414617414,0.09231141610885596,-0.26464439971782094,-0.2024783340766653,0.1183610561699403,-1.2141707319411874
1.0,-0.24127309778622474,0.25023064484142343,-0.2928928143487377,0.2889939945958713,-0.43373178827565295,0.29526427736331967
1.0,1.0,1.0,0.15939602728559032,-0.4383011543617249,1.0,-1.7019926485756354
0.373245582786349,-0.22520493736175476,0.7149006525457873,0.311464423922017,1.0,0.5788282293244638,-1.9526290241728634
-0.9423718895100599,-1.0,1.0,-1.0,0.4649904417400986,0.30166200996288267,-2.5106373062871996
-0.3360939678818321,0.4068814931967616,-0.40539243067440356,0.7477223322688177,0.8547893492446305,0.8310912608515073,4.77895615765834
1.0,0.5003053601557792,1.0,1.0,-1.0,-0.9920059477974333,8.552922609591002
0.13397050533650035,0.49049443575540386,1.0,1.0,-0.3553098544577407,-0.4243876904434566,0.06763064348808812
0.7052848258060948,0.5703942221964327,-0.6637689392878566,-0.9545121879883405,-0.5615587441824885,-1.0,2.1451604214038236
0.05466896642927482,-1.0,-0.34628797941559575,-0.35634203004780424,1.0,1.0,2.0169040300702634
1.0,0.6198869556414182,0.3585259022729631,1.0,-0.12657963854312504,-0.8428566582538769,4.693552975210191
0.8191181996041572,0.9539971502603757,1.0,0.8480797898435284,0.12807733242055785,0.3313979838670195,-3.462953164253451
0.6085185726358082,1.0,1.0,0.46409190105757003,-1.0,-0.2561233325425122,0.14014549630207487
1.0,0.6496396280894101,0.7554494499931776,1.0,1.0,-0.03639647100450216,-4.396416056370594
-0.3265039497603142,-0.8764975850927386,-0.6715458492841575,-0.13709815108169743,0.2358475252714088,-0.3439378542171645,-1.3304856635623326
0.31009655664288616,0.9675200329856909,-0.3217780510120961,1.0,0.18716820246703392,0.14767561450985323,-1.3600518705079794
0.7883796420462686,0.46448189618104196,0.1848163452393386,-0.2602303179604706,0.023798494011369797,1.0,2.56131300215332
0.12558892482966538,0.37020154171472375,0.18219144933072196,0.404010242584286,0.34029573489162473,-0.6637905633072134,0.43874939719005107
0.38136117379580536,0.7474492456117836,0.7674795142811088,-0.3700523011149926,-0.02620983947944855,-1.0,1.4853301520316022
1.0,0.00132223932459552,1.0,0.042042524914339685,0.13777993006341305,-0.8684223843027765,3.6204427478617625
0.4654695732718396,1.0,0.12593740126414454,1.0,1.0,0.673681634505614,-1.0629181098081726
0.29714477572625697,-0.4353214951763148,-1.0,-0.39514136740114436,-1.0,-0.7112526985828831,1.1986552807242687
0.06262187803225339,1.0,1.0,1.0,-0.1951933015670667,-1.0,-0.06156793770931962
0.5410383607914301,0.8854789396251249,1.0,1.0,-1.0,-1.0,4.359080173041708
1.0,0.03835086817184297,0.27723354648308063,1.0,-0.2924747992340593,-1.0,7.158552857904781
0.7171978382043823,-0.7869708366974081,0.6980493326735131,-0.5604379298932988,-0.7012793020673808,-0.08188567143672487,4.09127492797256
-1.0,-0.06949749698854712,-0.5553915921308383,-1.0,-0.45564036013517895,-0.5906344801729181,-0.33057366757284223
0.13427928399040556,-0.14583462347786222,-0.13172098925511105,-0.7297375601341269,-0.924058000725448,-1.0,2.834876753907107
0.09435123378922483,-0.2902395239673467,-0.33336991074905203,-1.0,0.5347369270860262,-0.20175765085998898,1.0363492731123447
-1.0,-0.8931229253061546,-0.5558398291608979,-0.9941179379763032,0.6878675584467769,0.45601458350272317,-2.1387977276479355
0.20552455839792372,1.0,-0.278221880704765,-0.043153118331252516,1.0,0.46477698951095126,2.937048425850821
0.3684098823656573,1.0,-1.0,-0.5888024761398737,0.3297736786491021,0.20562665271511338,3.114676437920383
0.5123501990694522,0.11579863976248594,0.35927107767313904,0.28523953292931536,-0.22797124740633298,0.25556085524745265,1.015113137457595
-1.0,-0.7197943402010981,-0.4464723295605748,0.01229298662959677,1.0,-0.8444539602189572,4.375648276185337
1.0,0.9867361490328577,0.2954043590514057,1.0,1.0,0.7379018851756514,-3.1462068538532293
1.0,0.05453917442271039,0.18390864094826354,1.0,1.0,0.060519974611566774,-2.5110372899146833
-0.9639256286236402,0.10103954144890492,-0.3928991812010365,-1.0,0.05352741138076689,-1.0,3.804953475435773
0.5167769610597954,0.08960293227168914,-0.5807337982081184,-0.957416779804583,-1.0,-0.996454888195592,3.522295667687898
0.6536790766659573,0.7401592697909798,0.1767368096150537,-0.6737783163060259,0.22625692725073748,-0.33201102016052864,0.014358214227706001
-0.12366096003451255,-0.11930982788311006,-1.0,-0.1425356112569085,-0.40113876918867275,-0.8303921125047111,2.022901684151303
-0.001679148435479838,0.6049284211058944,1.0,0.6202924065441291,-0.2558411168242387,-0.21812469308653346,-0.18076037257388955
-0.4283898894858672,-1.0,0.3541229101565502,-0.9778585839682906,0.46825471350592074,-0.3959921967949182,2.1105305469437994
1.0,1.0,0.8402077200533062,0.9871847289313371,-0.17479687388726795,1.0,-2.2690171276748066
-0.46422399838440775,-0.1157484614022517,1.0,0.9453405372890403,-1.0,-0.25408370039392636,-1.3601841046787373
0.18690287603583916,1.0,-0.03961400888908122,1.0,-0.4998181585807102,-0.7766812307882478,3.3674226466228245
-0.3622771125632066,-1.0,-0.32415442460570254,-0.44351178983340644,-1.0,-0.33529765391753097,0.8770310973396546
1.0,1.0,0.25299396477285274,0.49762358281904484,-0.98544901789374,-0.7212686886340719,5.672237838012273
0.05383489300622868,1.0,0.8947978573500623,0.044453807160103276,1.0,1.0,-0.6966307417390911
0.31584383996126997,0.07378796578879654,0.5870563804851946,0.5918996866932883,1.0,1.0,1.9187257586462039
0.27862217430530345,-0.485745577982978,-0.8205360181780101,-1.0,1.0,0.8551492852697569,0.7545060614720883
-0.26640552067235723,-1.0,-0.22798045870272432,-0.8671853421445492,0.4954732783203317,-0.14015153281545198,0.43944028710997607
-0.822662350400876,-1.0,-0.007665604708006923,-1.0,-1.0,-0.9279503660075359,5.685392715558037
0.0873920040649297,-0.6510179064040666,0.9184687552085287,-1.0,-0.5245373822910147,-1.0,4.573836739267265
1.0,0.48649846807325847,0.019435788808081167,-0.03348958633008721,-0.03412687034885242,-0.683708226896008,2.3358497376555323
-1.0,0.32386960816133437,-1.0,-0.9160292631604448,-0.49275003571236575,-1.0,2.998741491722772
-1.0,-0.44714847687076187,0.41561908048884,-1.0,0.2901989607092289,0.17501425571749007,0.43996048163867213
-1.0,-0.4404919730889195,-0.6789007990163489,-1.0,0.6293838634962445,1.0,4.135382961708075
-0.13113437956173057,-1.0,-0.7727245569885819,-1.0,1.0,1.0,-0.42193844396882263
-1.0,-0.5328903031487486,-1.0,-0.9983964324677672,-1.0,0.35075998580108025,-1.7971785104881293
-1.0,0.562294035500507,1.0,0.06861006214697962,-1.0,-1.0,-2.804825334836377
-0.0032414250290209168,1.0,0.9684630036121153,0.7235752619305287,-1.0,-1.0,0.026788403388876753
-1.0,-0.872636093654038,-0.17496618217266893,-1.0,-0.3162583523261011,-0.004514867346359808,-0.7375684639739198
0.08562178628883355,1.0,1.0,0.39646428630187636,-0.2513216741011277,-1.0,0.4523957199906138
-1.0,-0.9699697988362173,-1.0,-1.0,-0.8363152712420017,-1.0,4.010835105788114
-0.1974691561504615,-0.024662603476441725,0.353785249937661,-1.0,-0.9037839571989275,0.37927007392635637,1.116850031397429
-1.0,-1.0,-0.18120538528343078,-1.0,0.5788789521075633,0.11822036884429271,-0.47773258957495046
-0.17518034869677312,-0.9584084799543433,0.6695455919451053,0.3532059635786186,0.7805616307843538,1.0,2.305665685275075
1.0,0.7708189947055539,0.12202516116634854,0.013345529365420883,0.7610906364063016,0.11186090869551546,-2.7316293723268714
0.8982482685545399,1.0,1.0,0.5919991842318504,-0.7148926351264849,-0.22552528052371978,0.5652283304310547
0.07068641544564835,-0.058409156129534345,0.18549084828193418,-0.5192213148628215,-0.6431438783555341,-0.5140856369758049,1.1572030779338467
-1.0,-0.12219919892844583,-0.3162315047270591,-0.4780668060392106,1.0,1.0,6.6517787980574035
-0.30158321409760425,-1.0,-1.0,0.35712819707622123,-0.14326341848453017,-0.8917264922754975,0.06480634384232471
1.0,1.0,1.0,-0.08183112285949556,-0.9712394829516288,-0.27694868371974357,2.7509972590854463
-1.0,-0.23133624827996402,0.30784765478928633,-0.2818803386748763,-1.0,-0.9509814779510652,-0.7853252082547306
1.0,1.0,1.0,0.701444109657458,0.026805841809172337,-0.5473421170786164,-0.2741945177195264
0.6086130329308649,-0.024770400671027426,0.13881811178522477,-0.04601919234094695,0.731921397735308,0.7978865960205918,0.5372189174342792
1.0,0.3959787498117937,1.0,1.0,-0.34969183861525766,-0.3076975146183579,3.0042354292976605
1.0,0.5739222726034191,0.1262937704227072,0.685097806374633,-0.765186694242558,-0.9552260603620688,7.8064437939093
0.668065800727085,-0.6899505324897288,-0.38714514634192526,-0.5076604238765259,0.2934252058557061,1.0,0.7621631810380143
-1.0,-0.25900533785325247,-0.6994036122848059,-0.2027860678725154,-1.0,-0.44410886654299353,-2.2747382318501597
0.0739981587923828,1.0,0.4240484614678237,1.0,0.9477240294851208,1.0,0.7175710387662548
0.3736945945285113,1.0,1.0,0.5122393746827951,-0.08866625513797344,-0.49913820169989653,-1.4314636706397919
0.7409725944629029,-0.31659101916119636,-0.14728936728035746,0.25453500465223133,-0.8583884719449832,-0.2110444038363924,3.2260856469426176
-1.0,0.49016464940852195,-1.0,-1.0,1.0,0.5441869814963186,4.380281812620044
0.31657288851937804,0.23883063737112065,1.0,0.627739602372827,0.4130051242048767,-0.8894378111856579,0.6414167167331604
-1.0,-0.3501791661972573,-1.0,-1.0,0.835977393178812,0.8462379771640851,3.720057990758204
-0.45425473495485424,0.1252295536358431,-0.2930290286404996,-1.0,0.08531089197242094,0.28578130956311076,0.9237984744185826
-0.6226592309142998,-1.0,-0.9497902244448301,-0.692231719444762,-0.05353757335792175,0.5698840142156423,-3.7322129316585704
-0.873461419732028,0.08967871698650687,-1.0,-1.0,-0.3237813712699748,0.012872307144330186,-2.308719168286836
0.2796782566647521,0.298945955968304,-0.6891518225604242,-1.0,-0.8198279388841698,0.2068029352035622,0.9572554337171663
-1.0,-0.953511565265996,-0.06682401768962443,-1.0,0.6874716038882909,0.4334582423443537,-0.9672889627203423
-0.8134261327104696,-1.0,-1.0,0.2968306445340481,-0.8817322435079173,-0.2625209007870983,-4.7530311677122725
-0.3214353728337009,-1.0,0.3618967879669017,-0.7860953444374643,-1.0,0.5007921249255269,2.3616326599211104
0.6045910974992017,-0.5466556548717081,-0.43144890875874997,1.0,0.6066307088332099,1.0,3.5495365796290566
0.9132116339520365,0.2125832218299626,-1.0,-1.0,1.0,1.0,0.688468815013539
-0.8691673682201726,1.0,-0.3252947860787804,0.33689921662342537,-1.0,0.27836674607819695,-0.6819517410839683
-0.1766252655981519,1.0,-0.8707166766821373,0.27878070515220466,-1.0,-1.0,3.199945265728846
-0.9162925898645213,-1.0,-0.046475165598456214,-0.7475985349981014,-1.0,0.08057600751488103,1.0043356090656688
-0.4911981436870758,-1.0,-0.7255026807832227,-1.0,0.9136719430246123,0.11266355676194317,-2.3402388876694955
-1.0,-1.0,-1.0,-0.6779752481288162,0.019738551249775416,1.0,-0.668950987057358
-0.9045275730061255,0.7667038125889636,-0.6529035060147219,-1.0,0.684713163922045,0.548853815062845,3.3607238780472963
-1.0,0.6304549957558426,-0.22088228115821346,-1.0,-0.03351153227706896,-0.5291493593467482,-0.045730078424702336
0.4208270179892868,0.7398451369868082,0.16344403057517454,0.8722606797366433,-1.0,-1.0,6.286660547530257
0.8676169169336024,1.0,1.0,1.0,-0.6906457931856139,0.8641595381351458,0.26102978373943253
1.0,1.0,1.0,0.44221903683461994,-0.24325084873888847,-1.0,2.2289670313463272
0.5738286896750258,1.0,1.0,0.5663490029873601,-0.2790869774145702,0.3712881203603093,-3.03656143428717
0.475413474090413,-0.9094156035645855,-0.6983742563527195,-0.5555750474122205,-0.45559219698234044,1.0,2.9757459753203745
-0.6587054832497523,-0.12853757766796076,-0.3407245903307402,-0.3841657242360619,0.7947631958149797,-0.19409145843973827,1.176782900447631
1.0,-0.3394286627835601,-0.4229024181336405,0.8058243962982501,-1.0,0.4925227658165535,4.075019369310635
1.0,0.16214646671504418,0.1740465273719936,1.0,0.7226831819369807,-0.2367464253148076,-0.541258652011768
-0.7904536143961716,-0.1513570383803431,0.44912265795716194,-0.1524222272564893,-1.0,-1.0,-1.058390391431967
-0.5313562692108729,0.24821187741708275,-0.525843204125698,0.8330623879779276,-0.9689826267197745,0.2268444828257934,-0.4537931979880936
1.0,1.0,0.9597241272948844,0.5410958939840567,-0.3570451461394176,0.29026457714790366,-1.3348956271677117
-0.4438555458423703,-0.001773713614442618,-0.03727538300462303,-0.07521930258216103,-0.6286898174367352,-0.6638411412306092,-0.15432393800379557
0.19281412493576267,0.9719501810153799,0.581711445412512,1.0,0.25171676973061585,-0.1138257161065816,-1.5708163196999565
0.15726899864535415,-0.6357957859673247,-1.0,-0.768889074637736,0.7013002267231221,1.0,1.5670054146857977
0.6121416480060311,1.0,1.0,-0.47245453991566394,0.9628265366611848,1.0,-1.9008143141439282
-1.0,-1.0,-0.9368188715091035,-1.0,0.42290701123277663,-1.0,3.0089379527527806
0.11846040204322517,1.0,-0.054694385365686604,-0.19118188516100576,1.0,-0.4317350110180733,-0.18148099299797504
0.3411056363371791,-0.046741448271190075,1.0,-0.6005882363999258,0.6204940700052795,-1.0,1.463460189367179
1.0,0.19316288689509387,0.7909206516226683,0.9158310398851506,0.4194837155321349,0.020617594625051493,-2.1882247788785554
0.3366378683075859,1.0,0.7253321020935327,-0.4615167482286221,-1.0,-0.018305036461384594,-1.4673164998067016
-0.13315973981811918,0.21658272377504412,0.6854419431282124,-0.28107712900865006,-0.350927327942121,-1.0,2.0471813550240996
1.0,1.0,0.6214837384251848,0.9883313736589293,-1.0,-1.0,10.086928716455246
-1.0,-0.007252564249371041,-1.0,-1.0,0.5302920329929275,0.5804460609767054,1.0247960474661373
1.0,0.3866319864604071,0.7778603959090646,0.7269593039905752,0.6211528132127511,-1.0,0.65287119978487
0.5178212804770689,-1.0,0.15424675156571133,0.6415452005991085,-0.4661243327177953,0.1352061130119519,1.8378622207772155
0.12443242100273288,0.20853658716907075,0.9518393915025886,-0.16560834183713208,-1.0,-1.0,0.8687824049625467
1.0,-0.2870489843179086,0.5768618484963637,0.37634780823694924,0.7562867714328817,-0.09332202061845538,-1.78902087944205
1.0,1.0,0.620150632279237,1.0,1.0,-0.2997315351612054,-4.455305884106137
-0.5043684733092036,-0.027569517677817693,-0.03787344818605644,-0.6234003357312428,1.0,1.0,5.895106147691807
-1.0,0.9722295415591449,0.27247113684540203,-0.32844045245281467,0.10290801820660922,0.20265723701240201,-0.1309216494844993
-1.0,0.0794614705488696,-1.0,-1.0,-0.050393634718920444,-0.6102236656492286,0.19905873278487074
-1.0,-1.0,-0.8644592390660648,0.6265103402566534,0.38846954040793097,-1.0,1.170868646496253
0.8099593033054513,-0.9389241679871678,-0.9481822991965347,-0.5795245081821405,0.09371985149434214,-1.0,2.966532737271086
0.7336526898694269,1.0,1.0,1.0,1.0,1.0,-8.322140187741054
0.8169800967183258,0.1280763977149303,0.9731679067174801,-0.2605513860822658,0.20122525657350004,0.7069495438390431,-1.5478182078379583
1.0,0.8849955157182188,1.0,0.6121057965889773,-1.0,-0.62329698292295,5.486070225638975
0.3080649027894699,-0.4266297425365332,0.7318093535994843,0.791874955157385,0.670580587185005,-0.7403730368952816,0.4529304973094142
-0.42433604181976314,-0.027887989295111854,-0.2601351369640933,0.5396480689351062,0.14195367295156758,-0.7299378539874657,1.2711718833552226
-0.4092113697079922,-0.5847262428018185,0.028723357742840627,-1.0,-0.20866111198009918,-1.0,3.862404102347889
1.0,0.502575906091556,1.0,1.0,1.0,-0.8041425501758502,-3.09257065056906
-0.8079418826010104,-0.49789238136732195,-0.9520678668258855,-0.527233582276083,-0.9905453883594422,0.5621190097065245,-1.484991714774064
-0.5855387587047384,0.6352398183950537,0.6259832036519899,0.022150541293894876,0.03271457339503603,1.0,0.8938341392732447
-1.0,-1.0,-0.4633598058079433,-1.0,-0.33406388542844045,1.0,-2.7638127663946523
-0.9074225232955699,-1.0,-0.5903121483190208,-0.45405489144426203,0.9748355621165096,-0.5379405818934268,0.9586959216782771
-0.9451470706840579,-1.0,-0.21000521496142044,-1.0,-0.44843004358692007,-0.4108056465677399,1.1964391975864364
-1.0,-0.6070801670872833,-1.0,0.25472942990936215,0.21748050699104615,-0.14045038385616498,-2.3245834438541433
-0.943878458070156,-0.7363977502356431,0.5277426414658297,-0.6331885408908298,-0.08454559595538935,-0.44182909392425807,0.48361220478693623
-1.0,-1.0,-0.14102867784833162,-1.0,-0.7750052737292459,-0.27070559731600424,1.2671422187947683
-0.7413376449472526,-0.4471937347505994,-0.18355153998765483,-1.0,0.043461726722783256,1.0,0.3241887324929811
-0.7669658944036071,-0.19691992540469472,0.27767889187540484,-0.543157184855177,0.912031322824672,-0.44683597950380183,2.977645478745842
-1.0,0.26767317054366685,-1.0,-0.40123901060454814,-0.2590693847901936,-0.3773807338676056,-1.1035725903248115
0.12495989958118559,1.0,0.2043448840556663,1.0,0.6222700540826229,1.0,0.46045805934573214
1.0,0.5764030227083261,-0.09537812153813496,0.7500835330601714,1.0,0.30175825321651595,-2.8302497427129225
0.6082757100521958,0.7743187474679255,-0.3908545938602286,1.0,-1.0,-0.4908166650581294,4.126986737153034
0.2877307367835191,-0.46696548442911556,-1.0,-0.695917527097091,0.25342648640721666,0.19909060068507012,-0.33652090761966647
-1.0,-1.0,-0.18295482769098714,-0.2791880065911505,0.40305980097503546,0.5915582011160099,-0.35072043628613936
1.0,1.0,0.9876939796631996,0.6276399239764727,0.04728648998652818,1.0,-4.858528811855648
-0.41846634735897165,-0.46952293900063263,-0.5335947240508399,0.36955430976714987,-0.12461004569873053,0.8828827424064597,2.093028524380417
1.0,1.0,0.2179308320392735,0.8342846214374275,-0.9162390627655491,-0.8549764332982571,8.810285689253238
1.0,0.8552840546875673,1.0,1.0,-0.06260062179687392,0.5155944732834326,-3.028038169697856
0.8078185519804644,0.755852980412745,0.44005864150483626,0.20885165134124462,1.0,0.16832338172940303,-1.7412685445786198
-1.0,-0.24844565699175902,-0.9476265407389262,0.6263007386104327,0.0016877205634664438,0.31291710973854625,-0.15214275170661007
0.4533662287531652,-0.10603140651059695,-0.09236885906771741,-0.0825891860686161,-0.6517597858199236,-0.40366201020717574,0.9578550131272068
0.16405918267807929,-0.5371614694121541,0.7522426816230348,-0.8524814709615223,1.0,0.4494103252470905,-1.0673156486749966
-1.0,-0.07832915104724325,0.7243803382544016,-0.13290933157424334,1.0,0.30300537974242825,-0.29466712302524944
-0.22597121106471824,0.7389163115429465,-0.02180921085274562,1.0,0.23892534810240074,-0.5789744936206284,1.1598927113260589
-0.6101031669353518,-0.9674879939377525,-0.6383844031734276,0.06777198983601684,0.5746739541866398,-0.9672968262690775,3.0803492152644485
0.9918480078597953,1.0,1.0,0.46908225089647093,0.509357021644466,0.749239051031337,-5.9995735201282026
1.0,0.831690346216168,-0.8050482554376059,0.6344279950951351,0.8542992253065806,0.28408949165761543,-1.9624898390016325
-0.1789588923365003,0.6760296701919022,-0.011473877678757599,-1.0,0.8609381541852306,1.0,6.71154904236283
0.27525560312260006,1.0,0.5602931305509872,-0.4182324553203552,0.7234133673240204,-0.21450199022933503,-1.6707617565253376
0.8850982642518868,0.2768281176536463,-0.6335695176871978,0.9814048574808099,1.0,1.0,1.6885509483677192
0.010940973622094563,-1.0,-0.909534989517325,-0.7340836508582289,0.6781129366218905,0.6989086170099169,-3.6585447835018194
0.3770045543599707,1.0,0.9939478479376174,1.0,0.9481396320532881,-0.7916316212560401,-4.4230957828078985
1.0,-0.7015362564401249,1.0,-0.024802082887134758,0.5843721102909099,-1.0,1.3412110177783445
1.0,1.0,0.8682226747259909,-0.2902530046014508,-0.4362681099072594,-0.11502989238021288,0.10260565639066904
0.7475546202608833,-0.3675417874749876,0.10681905550659704,0.19916749438361492,0.2873423146697456,1.0,1.97519767988732
0.5255606844385925,1.0,0.9739662811825274,0.044880927244018265,-1.0,0.22577264093728844,-1.8330210389181312
-0.985565915513349,-0.636813898018735,-0.29430071792989443,-0.5866208831847392,-1.0,0.08679071640893876,-2.4554823368160967
1.0,1.0,0.3110650021997096,1.0,1.0,0.05131577875053939,-3.6232102778109465
1.0,0.006084753669059584,0.9095560294936456,-0.20359720314935548,1.0,1.0,-4.650812757981793
0.7818036467573439,-0.2953369988248891,-0.4047406972308001,1.0,0.9630563544921624,-0.9444345145888196,-0.4772556975484721
-0.5692082038319655,-0.1276686518992125,1.0,-0.11419101445503177,-1.0,-0.8634304490436185,-1.298292498544045
1.0,0.3033276829669831,0.9492690036932603,1.0,0.16264079543877452,1.0,-3.4795097750484945
-1.0,0.15972579574284324,-0.9954421783678642,-0.8118480150328411,0.08952724538207163,-0.6178091902283152,2.1410299697479744
0.2707668280346164,0.9559224286841976,-0.07441366064051813,0.6141041903335104,-0.7965964936372973,-0.7023872729661125,1.9203906065843848
0.48073434470110366,0.6978810731520761,0.5780819536298443,-0.2730019002978369,-0.11525634473013402,-0.1026252488178403,-0.1536709328008658
0.26022787029167205,1.0,0.8803817811064294,0.23890809703078508,0.5113858136926082,-0.07156531115981557,-2.6106973311193205
-0.7038049396632373,-1.0,-1.0,-1.0,-0.7004746995862161,-0.6018172391036894,-0.3572302429810721
0.4767170977553162,-1.0,1.0,-0.5832990750931275,0.06906749865955086,0.45643199194008033,-0.42606374470304703
-0.01573093976975401,0.9414292815696024,0.9623811571654344,0.6120212166165554,-1.0,0.6988529366989135,-2.429416750347336
0.3756087210791066,0.7105435673463778,1.0,-0.5165328210813956,0.6737260239839757,-0.048547647313565895,-2.2343422118218768
-1.0,-0.6326660624057225,-0.4309965511902353,0.4886277597004272,0.24522632628099106,-0.8036897942732171,2.683446026111001
-0.8443674623914192,1.0,-0.6755224313939739,0.28583689707780435,-0.3899589420581543,-0.9182626246211922,3.4225221405628785
0.024620447541829238,-0.6446779151537845,0.8930136885081713,0.3628138592063665,0.7786470289129754,1.0,-0.13829701197386235
-0.3238232442651955,0.41615560275926544,-0.6608817833320024,0.6109620506483755,1.0,-0.13769431991714892,1.2712114457268968
-1.0,-1.0,-0.6878740897104867,-0.8637035824243854,-0.02704272060141466,-0.9138240424568705,1.8664137421051312
-0.0962544306359348,0.9200288096250018,0.10818988930432474,0.8133808654410377,-0.562785857552731,-1.0,3.698404524778536
1.0,-0.3589514710392953,-0.4932234842321813,-0.9165608646645342,0.12736503292815282,0.686383812715204,-0.8714890008685274
-0.7449249402551732,-1.0,0.5073459033499215,0.1206633379981672,1.0,-0.8241322532040355,6.562189370094423
0.21730209373717285,-0.7204805572448307,0.38078740359189517,-0.5194689088203591,0.2969175439872696,-0.4995183010127722,2.0096885481483664
1.0,0.8297409239356307,-0.025307786536625798,0.720413784716192,-1.0,-0.3003590793572434,4.448076679569501
0.5707616930192126,0.8019428001051184,0.18736085021874552,-0.6376235296168244,-0.6328128963548245,-1.0,3.6296353393979723
0.6808253850458115,0.49709621035945123,0.41477432442221696,1.0,-1.0,0.0146069843420355,2.163549373990047
0.9395129963030519,-0.47006315056406883,-1.0,0.32274888244275457,0.228727482047679,0.3538905043514121,0.2376683292231806
0.2677837086468038,-0.674445461302949,0.24902349225311005,-0.49739583502440077,1.0,0.8577962271942955,0.12533556940776613
0.9303964314865085,0.2498885571373041,0.035973645700332735,0.7656102315673141,-1.0,-1.0,6.551590785460858
0.684296403282332,0.8514529136336246,-0.5877243337817174,-0.9995771167585389,-0.013817677443465626,0.35550823682555266,2.1813270762805854
0.052496515086194684,1.0,0.08010456513874253,0.43477028060033396,0.8992727156107566,-0.5315552286160344,-0.08926978289233445
-0.6648063206585112,-1.0,-0.571664426207431,-1.0,-1.0,-0.7757354550816928,5.073327404110157
-0.3048839198438218,0.40970912757638733,1.0,-0.286202385430989,0.8852490033040552,0.7733363398129562,-0.6470059606520139
-0.45597542623020293,0.9575970063058457,-0.13338858287970157,1.0,1.0,1.0,5.811233453271425
1.0,0.473720006711041,1.0,1.0,0.43029203316016246,0.17486109603923583,-3.9912327263070875
-1.0,0.25762010340456687,0.7358566816446754,-0.8227597659283941,0.6437923188433983,1.0,0.6026634912599285
-1.0,-0.4218707461746791,-0.5761506960569074,-0.6332828118368257,0.015023506542240717,1.0,2.539586536505561
0.3797109482718322,-0.8965288712893077,0.1762059718654626,-0.23208653389966125,-0.2648665255385462,-0.8330729670044072,3.853072782660576
-1.0,-1.0,-1.0,-1.0,0.0403622379107102,0.8049394102971743,-5.2655019942294
-0.25823258327145293,1.0,-0.31665113101518544,0.9704023870970322,0.9818816738104004,-0.148231681288685,0.10236085532485129
1.0,0.22109143113441987,0.38995161842182113,1.0,-0.3398966933434925,0.3757950107983894,0.8297309795554917
-0.9643589599764852,-0.5869732266279929,0.7435348238000263,0.42417251082501584,-0.7760955874267305,0.4011960296443115,-3.3399701654217746
-0.10214587228371086,-0.9600558467835509,-0.46907137536937604,-1.0,0.30176104380157337,-1.0,5.2336676686462695
-0.5671821180781977,0.8863158862875532,0.766647654222594,0.1900715029113199,0.11022801033771223,0.936948824487128,-0.8226501000907809
-0.5202991285569987,-0.3060958276373844,-0.9879951609187145,-1.0,-0.4258102349663488,-0.9580299008403959,3.346791707216573
0.07426133745207841,-0.4385628964305271,-0.038805360573271,0.49375959332309,-0.5062891800473024,-0.9020291912390224,2.0820068838826318
-1.0,-1.0,0.31387800690411866,-1.0,0.1610488119911042,0.044850954145278954,-0.744505234464277
0.8024093284634066,1.0,-0.5073691064828925,-0.08775292486832631,-0.05585849855130315,0.38955303516521783,2.4571880582530086
-1.0,-0.6358763432589039,0.8385470370821124,-0.7768327472878127,-0.43006246873211135,0.8536296821188895,-4.54098042198666
-0.17807731630581064,-0.7260649032890444,0.8333281521340735,1.0,0.6821057491457788,1.0,1.237265487035179
0.710727896062029,1.0,-0.7072746661233607,-0.1546028075275081,-0.5874775330104425,-1.0,3.5986196012659564
0.6336554093602323,-0.5169795798145631,-0.5409978604806278,-1.0,-1.0,-0.5645390708413089,6.560683437733753
0.8107199556040632,0.17427026965739367,0.042571841568746605,0.4483315661950076,-0.853971324079103,-1.0,5.738522494311249
-0.7559497213511267,0.7000405849706617,0.584913270671712,0.41093817817968403,0.6248929159408324,-0.5958219401575906,1.659223123838272
0.8113268169337595,0.45706884268567793,1.0,1.0,0.387962579632402,-0.11873462103364862,-2.2764101570851576
-0.9805776472690523,-1.0,-0.9084065105254453,-0.06759362070054276,-0.5792670094091402,-0.26936153075285485,-3.993406740397185
0.9488069192058736,0.605610238188731,0.7440724558775507,0.6364865005399676,-1.0,-1.0,8.230950529570437
-1.0,0.32214096390992264,-0.7536010422238736,-0.5945681433705357,0.24827145499714093,1.0,6.822939916701385
-0.16729339104673782,-0.6687019774682592,-0.09306916474955644,-1.0,0.6109999513821303,0.2608476188155677,-0.350046941722457
0.3590283203997624,0.598769536477116,0.34008023627649053,0.33540130494395504,0.45046762135612783,1.0,2.6545626809356047
-1.0,-1.0,-1.0,-1.0,1.0,-0.7712548420756564,-1.9108068671238359
-1.0,0.6671070517895425,0.5534990945733458,-0.6751226486781123,-1.0,-0.15784462581295686,-1.3577258887711974
-1.0,-0.8306014167321287,-1.0,-0.49519993384466854,-0.088895737517805,-0.3678637204722405,-2.7280314180914904
0.8542952848583425,-1.0,0.19656149560435454,0.6343049412961119,0.9161347818649832,1.0,2.106893043266302
0.5007773459215086,-0.3984151851424732,0.20416994221565965,-1.0,0.6083633840468341,-0.13719680483989916,-0.13255012323747462
0.3772453678936112,0.7083407642867535,-0.5295274081583335,0.3640528002935359,0.7101334709595746,0.07227744745872605,0.46376849210219273
-0.7196900717540448,0.0703611650325065,-0.674154009312317,-0.27802638196099255,1.0,1.0,7.523061048824651
1.0,0.6900757625756315,-1.0,-0.3052404477775354,-1.0,1.0,10.200223817057433
-0.3698519851279094,-1.0,0.3591162273410369,-0.41987504117061447,-0.5375297313126502,-0.6488969120806063,3.5669554477371754
0.06378522706821069,1.0,0.8577448557579272,-0.02035728416710328,0.8845477260919294,0.4870472688569612,-1.4113568213995693
-0.784871608058759,-1.0,-0.20753911896490673,-1.0,-0.04524747659449224,0.34188301918975383,-3.4639681268816176
0.5313014126973029,0.294172616837231,-0.02910248212464675,0.027793801771637594,1.0,0.8587695380924737,0.5804904789236436
-0.5299535152400114,1.0,-0.7459121813385768,-0.9749629343813715,0.06700823868424044,-0.9517973430350601,0.585733150123301
0.26067291618653704,0.4377798003325765,-0.4259071421517997,-0.5676491220195806,-1.0,-0.5807584718745823,0.4382448506625128
-0.97975680155975,-0.2637328654160523,0.2321617429493104,1.0,0.6977785696122337,0.3610714850239552,1.702927164538878
-0.5811247756781468,-1.0,-1.0,-1.0,0.1593354952573304,-0.575329153583799,-2.851311538787662
1.0,1.0,-0.7234391348394456,-0.7711104082983853,0.8897999602428479,0.5907809785190148,3.4977938869235436
0.1453422112451095,0.8297603032418535,0.2360687715159212,0.34223046253059564,-0.46693959537537555,0.12258796002375105,0.9293293912630823
-1.0,-1.0,-0.3189584138429154,-1.0,-0.3561576098095509,0.07522021300672838,-2.1809700700776653
0.9400377930588435,0.9548545681923697,-1.0,-0.1310424422196745,-1.0,-0.5399362894403437,5.007796864079323
0.4918917077239521,0.07499871713609757,1.0,0.8716897003465871,-1.0,0.1472771629230074,0.6857483283129812
-0.2523664552492979,-1.0,-1.0,-1.0,-0.1330227744570427,-0.45510132555112265,-2.4108775162825036
-0.5113202786551743,0.27525364634067,0.052796164066103934,-0.4229988095761619,-0.5053450507752657,0.37906562885998796,-1.3984164356481528
1.0,0.04521756951260586,-0.13642366206297474,0.04426030053079977,1.0,-0.2616944603216829,-3.01798942927149
0.06558529136222122,0.09902300410589698,1.0,0.7807445444252994,1.0,0.23673627202541936,-1.1554231102396413
-1.0,-0.5629088837844636,-0.6919721979763962,-0.5831831592302343,0.6462024323668256,0.007569233017608479,-0.9752955876611216
-0.940118976207059,-1.0,-1.0,-1.0,1.0,0.416360090235504,-6.649802705926873
1.0,1.0,0.9542142218541116,0.4583276490724534,1.0,1.0,-6.6273281440838385
-0.9376161331826874,-1.0,-0.02542146491010655,-0.11583188149372337,1.0,0.4947677284210594,2.0899496685783907
-1.0,0.20468321772010806,-0.6843333684038294,0.766973138845058,1.0,1.0,9.939750409960116
1.0,0.285021634028347,-0.5554158801761854,1.0,-0.730073135657676,-1.0,7.157388158483105
0.7544045524713194,0.45356242126564994,-0.48379888628666157,0.5558668451628157,-0.16122310331851986,-0.595268145277638,0.07398936622008989
-0.8881810962320142,0.09705012445015937,-0.30225019400971687,-0.7458294910769527,0.2669281427745105,0.9617211287700347,2.4316040668897583
-1.0,-0.5405807092042569,-1.0,-0.15930215077138965,-0.245188693126487,0.3677752370803975,-1.3604089042113552
0.26037970324717263,0.5976277679820602,1.0,0.2630285179481979,-0.08954757168871785,-0.9723666413187236,1.3470924360728573
1.0,1.0,1.0,0.48837300363476976,1.0,0.7686016688924712,-7.854980953470174
0.11187540222618808,-0.9181142927533439,-1.0,-0.41224766007513625,1.0,1.0,2.083065641420325
1.0,0.9773497201033493,0.7516991698266491,0.6152954428978418,0.1509875146402289,-0.28867105291946854,-2.085293053087783
1.0,1.0,0.5130092929913399,0.7173100338265421,1.0,0.4182604719446754,-3.638273339192861
-0.8172706872898816,0.14237603964958878,-1.0,-0.7859492939814805,-0.0794886002175006,0.2627023542253135,-0.6578728983804893
-0.18594919373082175,-1.0,-0.36774877384863913,-0.4527909611920673,0.9930182000831591,0.33235426451955763,0.2766278770456745
1.0,-0.6645948315842531,1.0,1.0,-1.0,0.46875057118946223,5.725549525877481
1.0,1.0,1.0,1.0,0.07330834554492835,-0.8518617381624816,-0.07326266219454025
1.0,0.7474171441318214,1.0,0.7896875505832046,-0.6018505343358979,-0.6471295824440849,5.829208714656373
0.6407882550582849,0.4785599620122887,1.0,0.023734553404087366,-0.40111784545594736,0.08090675162018335,0.42317678462458985
1.0,1.0,0.04814547070819153,1.0,1.0,0.6608172993142383,-2.4484822377898148
0.6179615542712239,-0.5216553555115928,0.48165221424210947,1.0,-0.4200410734330342,0.7897005347009587,2.1786208650033894
-1.0,0.530326531016163,-0.3762342861640867,0.8197145385070369,0.46627445932110123,0.6812790827455424,2.1351331492810006
0.7040905404205502,0.44981144460955524,0.07142227241762589,0.5038358260615771,0.31539806708490614,0.8560350006943749,0.27796904069334505
1.0,0.11666550492425531,1.0,0.38081449928728284,0.6456399471223174,0.11733947647073217,-3.4121336555593973
-1.0,-0.5161702451305107,-0.7508928256557816,-1.0,-0.09752551408178947,0.5519523728832931,-1.852737239197096
0.12047966064237348,-0.8170536742782776,0.06212565577348195,-0.08264791076818767,0.41335246773208045,0.9164082794426658,1.9712225565176968
0.5894156713950369,1.0,1.0,0.26194727041551163,0.46005824044999444,1.0,-3.8030708277064837
-0.9005566877475288,-1.0,-1.0,-1.0,0.338577429766196,0.08226389615364926,-6.586109657836317
0.041520707370199306,0.27793378936145263,1.0,0.06230896788479234,0.30594966310357524,-0.08279477182356926,-0.002208946839291813
1.0,1.0,1.0,0.30059769111137125,-0.1066900548467663,0.3029604951079445,-2.3939536912192505
1.0,0.057716034523573656,1.0,1.0,-0.17718473226488146,0.08784197975409504,0.26153837887512904
-0.7142721251225201,-0.1747844637678746,-0.9394969537864141,0.43102995263021104,-1.0,0.017820189002684395,-3.238896580685531
-0.4728589804684067,-0.11705815325738111,0.467363427563082,-0.0890720436652237,-1.0,-1.0,0.0616514925478467
0.29682436730646455,-0.5775068611348007,-1.0,0.43611329745039384,-0.6988126766291987,-0.5565306646648489,-0.493931554218429
0.4038555748836825,1.0,1.0,0.3529103212747082,-1.0,0.24605757930523142,-2.32862176258871
-0.6775939087063876,-0.7800801259835582,-0.6760919716983003,-0.5740366588159687,-1.0,-1.0,2.2102728580919138
-0.9580512698118293,-0.5440740749409341,-0.9037550923254263,-1.0,1.0,0.9199818483479785,4.393140499129068
-1.0,-1.0,-1.0,-1.0,-0.6161130283812969,-1.0,4.714431115898405
-0.681264818356618,-0.30250257979818573,-0.5494920270677783,0.5457303654266743,-0.17404793280150932,0.17611460890944552,-0.9692292768869604
-0.42952683344688747,-0.8589011702239367,-0.2840385451100088,-0.707941028351126,-0.6849196538551519,-0.1520073108551891,-0.11498173047979454
0.33098755298815985,1.0,1.0,0.7985962795411188,0.23699450596655391,-0.38201833512152433,-2.3401607399190647
-1.0,-1.0,-0.643192586701402,-1.0,-0.12498956378330361,-0.35737863723828256,-2.833639702983709
-0.3366649753375178,-0.5618786888975942,0.017556665746201294,-1.0,-0.0012487602430384381,1.0,0.5406484884209197
0.0020608808627208264,-0.032954372300773305,1.0,-0.7215094673720157,1.0,1.0,-1.4031301402046543
-0.06626791257717979,0.40475499538518406,-1.0,1.0,-1.0,-1.0,2.7366897370943857
-0.24546088180388126,-0.049101647322679964,-0.3799831946270864,-0.9770463110382832,1.0,-0.5506232455952383,2.5325547899410155
-0.6792237552252913,0.31776528586557873,-0.20657779005824772,0.29720550733855283,-0.45143414312279473,0.12300271243924327,-0.48033773290911685
0.003649374476392603,0.003491039830952062,0.4712096010692693,0.17424178961786008,1.0,1.0,3.1860961071527307
-0.8238366208156891,-0.38217214905313135,0.072913609608878,0.83827226895521,0.2520788936746594,-0.12062787267810175,1.0401354105673275
0.5269762241422993,1.0,1.0,0.5956121221877824,-1.0,0.10335766919149147,-1.1908771458530256
-0.07018060630430745,1.0,0.31033424998336206,-0.7163074235717762,-0.8006285024226563,-1.0,0.8963038808209087
-0.4529260152289417,-0.7635164417620492,-1.0,-1.0,-0.3844759040426985,-0.20792250821793534,-1.8983257302116958
0.18010837036170602,0.2120671080531868,0.539455978085713,1.0,-1.0,-0.8424065284938012,2.850566983360216
-0.7146410049070373,-1.0,-1.0,-1.0,0.5915173297238397,-0.24231369368314376,-5.407299371834884
0.2125486597036721,-0.30169959131452484,-0.5168922137345001,1.0,-0.9684334254673017,-1.0,2.5535828373176797
-0.8005190634010799,-0.19342995429768134,-0.6349055668944323,0.689259946917625,-1.0,-0.9313862831887287,-0.9952840636081397
-0.07332892882989389,0.4172393819492356,-0.7526143834084511,0.367264525094377,0.08348267118171471,-0.23514585624116746,-0.23426939184371828
-1.0,-0.30534270877203396,-0.38664183165340393,-1.0,-1.0,-0.0976241953597059,0.34184163613005186
0.392481258427125,-0.8154109311755007,0.25525586409824413,-0.7006640140352172,-1.0,-0.03289998520452109,4.632516928972282
1.0,1.0,0.42547313003080767,0.16321610675114773,-0.4526239154678694,-0.6409139875948093,2.3732135357682878
0.5329794367941432,0.46683463973394496,0.530334145245425,-0.7670088839481106,0.959810910571167,-1.0,1.2444397398602556
-0.8338442108565967,0.7594001294907768,0.17875264191142076,0.5841681778321357,0.49907250935470926,1.0,2.7943271369327345
0.08918141646677014,-0.7469099763585274,-1.0,0.2543291722777673,-0.2264025771690205,-0.8044512334923345,0.5546186670515572
-1.0,-0.3069203408140333,-0.6997585538297906,-0.2784493588123338,1.0,0.07023350581510712,0.14570826354867494
0.594983322359959,1.0,0.5290351556046407,1.0,0.08751853394374753,0.46178554316485665,-1.8913992947670186
0.6134848339186542,0.00966545697914837,-0.8379690793405605,0.6012665674733119,-0.49598030344495747,1.0,5.589400946027082
0.9939171231839387,-1.0,-0.4401539975439943,0.7266396661540678,-0.09440523671449164,-1.0,3.6176797836678025
-1.0,0.13598290351654152,-0.4554533097409489,0.02959335792077017,-0.3762828700134104,0.883455823590019,2.428835770160509
1.0,0.3125156409443173,1.0,1.0,-0.3200771439930514,-1.0,5.790270772432051
-0.5397907292488646,1.0,-0.7092514406106046,0.7059211217562823,0.4949540008917211,-0.29411769472938076,1.856840943009263
0.40806388826566276,-0.43435555642641077,0.35140123403568285,-0.7832377399500537,-1.0,-0.4866645301492811,4.278816622284904
-1.0,-0.9495329568275983,-1.0,-1.0,0.03362116368675461,-0.18635632149139336,-5.650851345698473
1.0,1.0,1.0,1.0,-0.9806919691141796,1.0,2.0785349274642684
0.24424616060842763,1.0,-0.4302003754090119,-0.44541935094886875,1.0,-0.09531838377744073,1.7040606065918433
0.9183558349394498,0.14864395349490317,0.6809412794759804,1.0,-0.8798179294871263,-0.7003363527385592,5.225726175547609
-0.2630402156810838,-0.8348280989563275,-1.0,-0.4466352919594607,-0.4641105809587016,0.5878201741239522,-0.2753514732370747
0.6119184985395852,0.8016753830743967,0.6831955998174511,0.6636117259618316,0.3194583396442656,-1.0,1.739587105639727
-0.1466095655997155,-0.07834518774992683,-1.0,-0.4457180120260795,-1.0,-1.0,0.7102733939507467
-0.030759985871762208,0.45982078493090495,0.8717049079776914,0.6550643643172037,1.0,1.0,0.8544148228453152
1.0,1.0,0.8934984263480354,0.2049589473225355,0.20940082468419355,-1.0,0.9685269042197382
-1.0,-0.9101310519941307,-0.8244196573503322,-0.5185570733194258,0.3976823464596392,1.0,1.9029184517456612
-0.9432362656517355,0.8052069421896607,0.7651098621356291,-0.4241255455877964,0.329138490472138,-0.6423363006481669,0.4024933792406792
-1.0,-0.8941494272688721,-1.0,-0.24607176457589686,0.7046101293979411,0.07787461108478055,-3.228290735208631
1.0,0.11168277822495942,1.0,0.7881925841488533,0.23407598932999074,0.7380465335576954,-2.6368540367359232
1.0,0.031785927462883445,1.0,1.0,-1.0,-1.0,7.73029667153083
0.44100923678634807,-0.13627399848691446,0.6769961335908091,0.16003079365419892,1.0,-1.0,0.7585763524852058
-1.0,-0.6448248762281548,0.23108928461609868,-1.0,0.41354972316394734,0.8462272070993688,-0.5563946429051458
1.0,0.888519545297189,0.17838294421098588,1.0,1.0,-0.353210887746582,-2.0040016507532346
-0.2313871300005312,0.6759826919475721,0.21423067440241095,-0.28109986931462444,-0.49382872728324223,-1.0,0.9189535179908925
1.0,0.747729536664628,-1.0,0.5563703779181248,-1.0,0.37811111621784876,6.362105376736885
-0.5610288108727305,1.0,-0.8395958707873841,-0.03851081984219107,-0.7097671074366085,-0.9313147741226648,2.607848307742756
-0.8875869093555764,-1.0,-0.6791706202468466,-0.303941681661168,1.0,0.2598725227463792,-1.725946377601432
0.7444704395202114,0.20304309445874402,1.0,0.13759698345433313,1.0,0.8294434772167343,-3.7910246353783292
0.2908992404334415,-0.43768512342937427,-0.12781556084600143,-1.0,1.0,-0.3682180167685517,3.1776161911262957
0.4178029748891702,-0.2641407713160415,-1.0,0.0007962923583721415,-1.0,-1.0,2.953820276665885
-1.0,-0.4341420593207891,0.19189898827769147,-0.5247718578472895,0.03073329951735497,0.22379591484939976,0.2531203993935897
0.2630277168851528,0.25310727942543565,-0.29197157112996686,-0.2437365945237628,-0.3437031541409543,-0.9506453607681042,1.7325003078337087
0.7500093834412884,0.09195251147398473,0.16684376262754783,-0.9559814878126136,-0.2921708492910621,0.5434975830170972,1.0681406440407546
0.43650137614642737,0.8066070951112072,1.0,0.8439306281330106,-0.5681938460352981,1.0,-2.0823210310764733
-0.4516123262623531,0.03597942401508353,1.0,-0.16421862290185468,-1.0,-0.29221807749674333,-2.0572738069406658
0.43519352102973763,-0.4595880625344706,-0.8010393580487108,0.17238584371445875,1.0,1.0,3.3392973650643603
1.0,-0.206271121358794,0.3412658363437642,0.08836016266370406,0.1900906363662992,-0.753505286464903,2.835082468299423
0.19168182808422224,0.7161678152093043,-0.4903571327436639,-0.3631362590346734,-0.24902992391554027,0.07317396795291142,0.5175027027981207
1.0,0.5077625800511247,1.0,0.7214049357454704,-1.0,0.11694372955279031,3.2656962118374575
1.0,0.8578347318149909,0.5573128739915137,1.0,0.89034772403944,-0.4755707656506084,-1.798120114252931
0.30987702054409655,1.0,-0.5826893403952111,-0.6237182176728076,0.05729572294243268,0.3867536768426203,3.4216750142270076
1.0,0.5239116694767953,1.0,1.0,0.0684917618371812,1.0,-3.534430834301996
-0.09677717737251657,-0.15399037201826404,-1.0,-0.19129679952659484,0.40878218239946584,-0.013282733839785676,0.2229521165115368
-0.15312399411055178,-0.1769234790276264,0.38368560588373385,0.5973448123085568,0.3426334429803328,-1.0,2.2905479784115608
-1.0,0.07050390737370105,-0.1557000399298718,-1.0,-0.22529114112692428,-1.0,1.9958119003007095
1.0,0.8550238645663606,1.0,0.4232930090986542,0.9093794190925315,1.0,-6.677635043077606
1.0,-0.20846389522580877,0.3969266162638676,1.0,1.0,0.4625163837768559,-3.023640623248463
0.08521363618665845,-0.04080280986404622,0.4897235850326883,0.4589498942301652,0.8228877204393994,-0.01789584391405241,0.2239494689436909
-1.0,-0.16960474835713146,0.14731281820954323,0.14173495835043204,0.3929330307098111,-1.0,4.474166971543198
0.8767639565869744,0.19369987255554055,0.592340425392343,0.7570711807107406,-1.0,-1.0,8.229453901321563
0.26140950879325286,0.2749287909250935,-0.7183225348660842,0.18828443974429276,-1.0,-0.03548143232323864,0.5463155983925164
-0.9591421857951514,-1.0,-0.166240712320052,-0.9629683995183964,0.4176939046877788,-1.0,5.854984107483052
0.28917431358721646,0.2650139255257433,1.0,0.0795628195849658,0.8297420453376295,1.0,-1.4007379702016602
0.25459760738684345,0.5830210680903537,0.24637719164829153,1.0,1.0,0.41742373652313847,0.07462425540455564
0.6315322414044662,0.6492255793897357,0.5629583386161587,0.27238850487230826,0.9583848736302222,0.662181959283611,-2.029571751333254
0.8858920888190264,0.5376224627463335,-0.14678471015304612,0.9243892998173784,0.9659370493752459,-0.4363337699301779,-0.9119500324791101
0.09948376458382663,-0.4071554989137207,-1.0,0.2614348885904758,0.6581171965103406,1.0,5.128863560921911
-0.5545449107864102,-0.010543724883237404,-1.0,-0.7043394822702626,-1.0,-0.8155884206845045,-0.544740553238649
0.9789247281261904,0.5212965527266765,0.40157533577003796,0.976737791845506,-1.0,-1.0,10.099832321168567
-0.6063618763429193,-0.30059726539286347,-1.0,-1.0,1.0,1.0,6.331259575061945
0.6765537175936598,1.0,1.0,1.0,-0.13365507293327616,0.18401928186954053,-1.8368029246890676
-0.8091778813565964,-0.7591883031714727,0.3359137734791591,0.48663331313097,0.8057072629096713,-1.0,4.507552296035614
-0.04398238565329901,1.0,0.0817131154536559,-0.7859045170220221,0.4111153588784704,0.1741282480987223,0.4024361973061057
-0.6499486612198406,-0.4566950402984373,-0.388003740263295,0.7226105115251532,0.689819125554312,0.24013296735552145,0.8296108478339476
-0.6650073700544811,0.026824189300472756,1.0,-0.820607564055627,-0.6141183267887234,-1.0,-1.3849165255549103
-0.7488225921164832,-1.0,-1.0,0.18061906377768966,-1.0,-0.050828631262652024,-5.350796894637749
-0.7249716726272918,-0.6119748189809031,1.0,-0.7964601093499161,0.5508277856468908,-0.5347371341364047,1.160764308276553
-0.4915967188089574,0.10306302167486525,-1.0,1.0,0.9488943860784733,-0.742226575806403,0.6647290726213841
0.7462595406953509,0.034225944956129184,1.0,-0.9312800262779563,0.41762077110238094,0.14246011223945415,-2.4427331509048877
0.8997993018027679,1.0,1.0,0.9206735452112573,-0.05233163922403122,1.0,-5.1603366037323894
0.6380818686437502,0.3608181106166988,-0.17465440454434356,-0.6064372001989276,-0.1332982480508378,0.3349148968183845,1.7484485326363206
-1.0,-0.36688838866736617,-0.045240238925241705,-0.9524775450497769,-1.0,-0.9925582093699039,2.870292008059425
0.3068641090261178,0.4742033200257605,0.4347492858241222,0.17953588734789266,-0.752825784991392,-1.0,3.590319740822447
-0.9219405058788198,0.05400520466652653,-1.0,-0.8277778643769571,0.105607545976204,-0.11905552681228926,-1.1092139690585117
1.0,-0.24374154956937283,0.5660243152056639,0.387701603775905,-1.0,-1.0,8.965644782544615
0.8157637247800241,-0.03753145902474786,-1.0,-0.6213383985798488,-0.39632103518300554,-1.0,3.150191635672277
0.16281057620520534,-1.0,1.0,0.9943923824916681,-0.7459714522150065,0.5091267485980568,2.288166517458942
1.0,-0.5907172571586883,-0.5926362689404001,0.8795494237152479,1.0,0.33252221108104296,-3.081834081119302
-0.9808369138606529,0.0842790099025772,0.4093234383331976,-0.4208413344179447,-1.0,-0.1079551550548341,-3.2636539991051503
-1.0,1.0,-1.0,0.31559757718918435,-0.88032263562767,0.06618356874069475,0.484249511118526
-0.8049418646793731,-0.8467464251483028,-0.5490838909591222,-0.49037068062069755,-1.0,-1.0,1.6648220151723336
-0.843506556243071,0.6980298913761431,0.2667226892709841,1.0,0.0014327667307056369,-0.36454838274510315,-0.0787561201160807
1.0,1.0,0.7130524848357522,0.23555355198446293,0.002702922085056736,-0.6840839967179305,-0.061577634249871505
0.5225240842754938,-0.3650616343195816,-0.2849443992269265,0.2612935594018131,0.6470824682818078,1.0,2.7393443816788805
0.16632136215931093,-0.6410372627531236,-1.0,-0.9535812514343478,-1.0,-0.31628001903426894,2.496981621876142
0.33110064212104223,0.9479232245953442,0.12616265915042305,-0.29501576980419586,0.5611967383449559,0.643802074399002,1.605157772205485
-1.0,-1.0,-1.0,-1.0,-0.696479397791703,-1.0,4.054216179578683
-0.5859891916177813,-0.04049957323538789,0.4168370934529597,-0.5823478171075,-0.21446592181563773,-0.667820078447469,0.5356269771351474
-1.0,-1.0,-0.11443642087589145,-0.6744280198502044,0.8902036057676936,-0.5716593066117721,4.220121876489798
0.7194759839136476,0.7317279375772597,0.427349052652901,-0.30883437573972794,-0.39800239958877315,1.0,4.771185726561396
-0.4302874529178389,0.627600711139902,-0.9360145565368605,-1.0,0.013889168090650883,0.957730138774521,8.452881360088108
0.3957347460391918,1.0,1.0,0.4003293888291741,1.0,1.0,-3.9830192718351016
-0.3809700176312669,-1.0,-1.0,-0.8178406288286169,-1.0,-0.035083647923080954,-1.6144466915329558
-0.18690454021437555,-0.2250690340733917,-0.017416321467791485,-0.10593628283014894,-0.3632342355615475,-1.0,2.7501277944505866
-0.4607038460353927,-0.4480869739328099,-0.5812289826165393,-0.6672681619625636,-1.0,-1.0,0.4859174051922923
0.7808052931150018,0.2926535895389524,0.2918408380331392,-0.7788903467527888,-0.35777634390685575,0.7811688694165583,3.12177953044115
-0.05926102032216447,1.0,-0.41327975085519225,0.5003899402507916,1.0,0.4237690563350114,2.819722307200361
0.28712075051058267,0.2891944697776824,0.15989468991838146,0.14095162084919433,0.185614311445786,-0.5786660517277612,0.21926627409519284
-0.11752561895974023,-1.0,-1.0,-1.0,0.12655677479530142,-0.8110566628522519,-0.315882923153249
-0.48501791740546757,-0.5463635981755522,1.0,-0.1566628350989135,0.46889725332127163,0.12629964375378444,0.02862481202074918
-1.0,-0.10430084957100172,-0.33779884234252866,-1.0,1.0,-0.1993006013822458,5.407444755961812
-1.0,-0.6971732454956128,-1.0,-0.3888226047341923,1.0,-0.6376054821574817,-1.2582512908579695
0.23717260640555693,-0.8745740840312577,-0.719193145399011,0.2583882277177593,1.0,0.5674108548846819,-1.0469133542219748
-0.9589072356122204,1.0,0.20183998242846934,-0.6525231706196732,0.08071433612854206,-0.18181899203650612,0.413382997950587
-0.7124336856648776,-1.0,0.29299446707905746,0.06909431942961713,1.0,-0.8099640002225352,4.46866440457031
-0.4453451379854806,-1.0,-1.0,-1.0,-1.0,-0.03562025116290801,-0.5985232628044044
1.0,0.20571703963195254,0.2243593837861867,1.0,0.5618427421741966,0.7163619195779556,-0.46937557308511374
0.5851113857185171,0.6146139998871109,0.8904091547290396,-1.0,-0.2589112748310301,-0.1682880384893688,-0.8330779649750873
0.9441032236521234,0.3494826804021342,-0.09512237051181971,0.9926596055435293,-0.3980611025794945,-0.9144338336921358,5.765769596699191
-0.8379626439482158,-1.0,0.25224996178788117,0.1681456754191364,-0.7626409311374349,-0.0016654794883042001,-1.046049227093413
-0.09714386438479106,-0.980474500325866,0.058782404480405503,-0.5505337511157943,-0.5696059198481133,-1.0,6.175499817381248
0.336312204020227,-1.0,0.29102110897488664,0.10426011919898537,1.0,1.0,1.5078631393064545
0.6497851787730438,0.10805171163748128,1.0,0.33131287269683174,-1.0,-1.0,4.080448869171247
1.0,1.0,0.6021202237595302,0.7444978469245715,0.777256655253979,0.36128618216812924,-4.225257784704345
1.0,-0.07368502546048507,0.200811179216283,0.12245225019368515,-1.0,-1.0,7.7432960002161035
1.0,1.0,0.4012558601533918,1.0,0.4777222686566888,0.4018968056275216,-2.5859119262296577
0.42847919157667713,-0.34815490615524475,0.6737369244830462,1.0,-0.3717464271318939,-0.6576506349392737,2.089912503402519
0.47702754249366086,-1.0,-0.9716821062538876,0.07586636309613859,-0.8917052552667803,-1.0,2.9735783870353782
-0.6899723703770428,-0.6756915623533679,1.0,0.30545048419649895,0.6663188573498144,-0.21414431342896256,1.7982513996871226
1.0,0.9945536979751699,0.5332319075187115,-0.2153051269786045,-0.5068660709256874,-0.5165809537298096,1.7584049219684408
1.0,0.7530706307971973,1.0,-0.03740073528820065,1.0,0.8228776273495975,-4.588292685500927
-1.0,-0.6295819570607959,-0.8329073421261916,-0.36391023302905623,-0.8497541450111116,0.19415151528687347,-2.6609111694120555
-1.0,-0.18834028876782227,-1.0,-0.6184341446115951,-0.7127311603769455,-0.5218030010925242,-1.585247941896329
1.0,1.0,0.2984980441926801,0.6758497628913913,0.015176794347838474,0.23139879252162765,-0.245398882370094
0.3673097028473644,-0.08942205687182811,-0.2991285803434305,-0.5395395389610266,0.147353230978981,0.849010693967158,2.481456770159696
-0.9968944727069252,-0.5735997921079184,-1.0,-1.0,-0.29283344907562886,0.2799923181756393,-3.148146916988333
0.1014727076301265,-0.07950729419917923,0.14275861883051266,-1.0,0.4231281340566605,-0.01333325914735159,-0.35154705766178956
-1.0,-1.0,-1.0,-1.0,1.0,0.1180176088483087,-8.073958998368617
-1.0,-0.30482288492223586,0.4432396455902243,-1.0,-1.0,-1.0,1.20439101548496
-0.9408544418524744,1.0,0.5727281831660835,-0.06880168663435338,-0.46184851270049054,-1.0,-0.507975542004741
-0.37676934232082915,1.0,-0.6006103149806004,-1.0,0.5915085906346831,0.41344064235866196,3.277484014102357
1.0,0.2632743408354403,0.4570290588582595,0.365384250916289,1.0,-0.28571348989055617,-1.7880108722303059
0.09305659783186349,-1.0,1.0,-0.5549938905994143,-1.0,-0.48701707768291713,6.28309918413488
1.0,0.09195756984911263,0.28031245878792277,0.15517352313413935,0.21218814003948472,-0.21682038517506397,-0.30034469615616277
0.07128532635185567,0.24371920806071457,0.5843338984848077,-0.7266286104379722,-0.9584779880395962,-0.45051665290824405,1.2394714016593829
-0.43268703822540133,-1.0,-0.3387503444418154,-1.0,-0.5971859517293503,-1.0,4.637090511173613
0.7373097989529711,0.26570202286942635,1.0,1.0,-0.7122051554056456,-1.0,4.947995424194042
-0.9092397755564459,-1.0,-0.9411227047112993,-0.1263605009454667,-0.01894826878687561,0.24261431562798585,-2.6210512173478886
-0.27575121739384834,-0.043565498465304886,-1.0,-0.8235095726782624,-0.9331811912078815,0.02262355854914544,-1.0351156560468762
0.4747196598123833,0.9937110924323005,0.23913403852174558,0.18935213217816116,0.5110759020415239,1.0,2.324748350038389
0.6495817605015679,0.6403101885354561,1.0,1.0,-0.9568841876117937,-0.8831582843073497,5.231131083248407
0.12700450371349725,0.45117643563492954,-0.5637614790335337,-0.11476052413202165,0.30670543614455714,0.3341127565920039,0.6643983055813512
-0.3164806520219101,-1.0,-0.7475779518038832,-0.6568295666971238,-0.46975894011471864,-0.970247418829172,2.8851625185963803
-0.8475674444978494,-1.0,-0.458655166275471,-1.0,-0.7913709992312686,0.04469701211108726,-0.4401915799247531
-0.7586615830755612,-0.0963940145994519,1.0,0.9634124746064714,-1.0,-1.0,-1.3836392555073747
-0.7275721890736624,-1.0,-0.28765591538909163,0.5991741564571564,1.0,0.1990938461043741,-0.6897388434348838
-0.173596910260313,-0.8721165663553601,-0.20466913196438719,-1.0,-0.11734000011731605,-0.06704285107030472,-0.6968212694843432
-0.5261244212491996,-0.11406647377772289,-0.9378216514158042,-0.9661847331623756,-1.0,-1.0,1.0942478285265347
-0.5965734674545864,0.38825305753968564,0.04254846239870605,0.09422250771586949,-0.36484213531745446,-1.0,2.267370002949226
-0.4692275201794396,-0.08512849809992673,-1.0,-0.0924402670151716,-1.0,-1.0,1.263543445271599
-1.0,-0.5522858121270692,0.016200135288118145,-0.852867196988697,-0.6100096238469621,-0.14834969829121203,-0.6414599022642051
-0.7411452562330796,-0.8107317301763287,-1.0,-1.0,-1.0,-1.0,4.197273872809269
-1.0,-1.0,-0.293030569719799,-1.0,1.0,-1.0,7.243592275756982
0.8321005467114141,-0.39420938913226156,1.0,0.6852785077946747,-1.0,-1.0,7.00229814909576
-0.49479186504127304,-0.10036352643332902,0.5373900574327434,-0.38621452057069233,-0.5431641770616109,-1.0,1.1084356747398276
0.2985983027255903,-0.43100866940219673,-0.4894668107301843,0.12881057980278804,1.0,1.0,2.8581365416584705
0.6268725001172395,0.7656620413958702,1.0,0.3399110364031055,-1.0,-1.0,2.796329742541133
0.6867839722031601,1.0,0.6167493702133935,0.896452132605323,-1.0,-1.0,7.414941415561764
-0.031989809387222845,-0.31640664902794496,0.3409350613377193,0.019087477010891085,1.0,-1.0,2.1840366565621743
-1.0,-1.0,0.09805652428912094,-1.0,-0.37050466574077834,0.06509694613579038,-1.3960535564633392
-0.59450669367083,0.3102310930905875,0.6594127005766094,0.340530888320869,-0.6493377445666806,0.3759804719184316,-3.0011448170650086
1.0,0.9604190981493275,1.0,-0.37980371703956506,-1.0,-1.0,2.819860630085351
-0.5520620719629629,-0.45213135611245114,-1.0,-1.0,-0.34268133038509263,-0.7574139835580741,1.3880479787315843
-0.6942165489941496,-0.9254726724919087,-1.0,0.3200462168185458,-1.0,-0.3818055846669748,-5.633663784995944
-0.9327864491538375,-0.9125800702659428,1.0,-0.4095861274827156,-0.04126914060721709,1.0,-2.809842061583605
0.47648116159786147,0.6727926710648904,-1.0,1.0,0.5081952971020295,-0.13711119627579763,-2.005864816790109
0.009303775661385696,0.5484875153307733,1.0,0.2176413373477704,0.9717044850483577,-1.0,0.27831734815058395
0.40115123589615187,-0.5926976663918526,-0.4034223287153257,-0.25077168268745753,-1.0,0.06439379026576042,1.1368040317392925
-0.2784748855878482,-1.0,-0.7278747224844244,-1.0,-0.9122399256970894,-0.8042438816457755,4.652867307307879
-0.28641901052102514,-0.9941319911219022,-1.0,-0.2659393670194121,-0.30855022838848445,0.09476674577406129,-3.8237741013587923
-1.0,-0.7573138345953103,-1.0,-1.0,-0.1526930371838251,-0.8291839331046078,1.6004825633496653
1.0,0.3084634756958576,0.7144412378300287,-0.06304619220656377,0.6958053168770827,-0.2938040908392573,-1.937373300282524
1.0,-0.20413560518395157,-0.24660266765552438,0.6492315506369021,0.05693105625654249,-0.12203797363511198,0.6494725561150237
-0.5927063647119464,0.16103230179913652,0.8008209805668052,-0.12332169893306964,0.4575458853987595,1.0,0.2823024769096457
0.09644671075107947,-0.10962010054790516,-0.14902135658295712,-0.7900638157709086,-1.0,0.5404044424359059,2.0849271016731104
1.0,0.8827412907914641,1.0,0.8638907180732317,-1.0,0.02000436429009833,2.7312864589702404
0.9855583941153707,-0.12113020481402437,1.0,1.0,0.4698575279645869,0.3127565723583971,-2.922411893683355
-0.8888087559369224,1.0,1.0,-0.6316513821794657,-0.1908317565923039,-1.0,-3.442664890721038
-1.0,-1.0,-1.0,-0.389015868047373,-0.43516140448778884,-0.22520860909687923,-5.112069930938152
0.8412036509116991,0.5615061591046903,1.0,1.0,1.0,0.31227635420956357,-5.991063930127384
-0.8147066825607125,-1.0,-1.0,-1.0,-0.06613095750652853,-1.0,2.756509401715523
-0.09656468496216053,1.0,0.1601522813630586,0.6551714598056155,1.0,1.0,4.125477670560723
0.8099068287085458,0.38616371175401765,-0.2153407552252451,0.8613649101432479,-0.9663338090686904,-0.165951178373291,2.2470715308733507
0.04643403818899704,-0.7146032194700827,0.10982334886185491,0.3535015576935677,-0.9310216736520258,-1.0,3.5059324241229706
1.0,0.09984054279064702,0.2542332792329294,-0.4907177230532161,0.8010774642513159,1.0,-0.7840807684705963
0.9392755066009608,0.5076762657503404,0.6007993050465632,1.0,0.09533069759402503,1.0,-1.2863445834618241
-0.42445000604805927,0.04238891993388205,-1.0,-0.9022473311285988,0.7529415923338734,-1.0,3.083630332248861
1.0,-0.8198047411987996,-0.24486445560923253,0.8141520988007791,-0.20865304104034021,-1.0,6.029098253983415
-1.0,0.03461998685978118,-0.2933795005951221,-0.8361887701390338,-0.8770365645108648,-0.1798375663813312,-1.0112071490709398
0.25410892396274853,0.6281080644244663,-0.36837302842735276,-1.0,-1.0,-0.4834208884251486,2.4696192097522824
0.7415445071292069,1.0,-0.1783174276110416,1.0,0.442878521765147,-0.6518006110263582,0.7378362298164008
-0.4489870187668009,0.033390994633685445,0.0018184181139838107,0.8717014230215603,-0.35409682800597064,-0.39278418248620817,-0.4369361568823483
-0.3005380516253829,-0.05392693775758162,1.0,0.10185591968656404,-1.0,0.2601663806779715,-2.143948231741058
-0.769361960633711,-0.5263529180317154,-1.0,-1.0,-1.0,-1.0,3.341704909462684
0.3047670929849149,-1.0,0.13453631639201907,1.0,-0.9367423763124076,-0.3960688198152458,3.679827597807266
1.0,0.46222979617548077,-0.5879700465830425,-0.1590284431508953,-0.42803883935702247,-1.0,3.9427303358067882
-0.986677408661434,-0.8780353238264815,-0.7296279360851028,0.31015670794664146,0.058379480571068454,0.6381795373575045,-1.223095043330015
-0.36735202726235827,-0.19837501440704247,-1.0,-0.5973427678027347,0.7402650177568708,1.0,6.173631477063329
-0.039148250374036075,0.6219223771156481,1.0,1.0,-0.43261670849207196,0.06726413532539349,-0.839442616416693
-0.014509131047339974,-1.0,-1.0,-0.8739271385359924,0.7878834783415372,-0.2363530440302552,-4.321575163478596
0.4642504626783441,0.42826478531249645,0.08029319378293642,1.0,-0.2774412803700802,-0.8139066066677598,3.657410966400788
-0.22480312508019212,0.9058166826865381,1.0,1.0,1.0,1.0,-3.684679053028019
0.6622732329119994,-0.48207424656018627,1.0,0.7763152232857706,-1.0,-1.0,5.15308610787728
0.2829384134667019,0.468223887382635,0.06271390092368856,-0.5814075121611366,-0.46436743294540794,0.5110619078555734,2.6917111197525294
-0.6932574056184697,0.2949804432191673,-0.5253903414801805,0.006909101274255619,-0.13927344755314525,-0.4894213494830154,0.4108218748464516
-0.7797389624406523,-1.0,-0.35795554494424153,-0.6417929468918463,-0.8249968146981062,-1.0,2.3779297701175386
-0.647338903477889,0.5808549765717396,-0.1857402973429788,-0.6072184006988117,0.20347099792372136,0.6929316390936957,1.9133587417791484
-0.2662764850160396,-0.5142338067066411,0.5995225447607199,-0.2222673813841412,-0.06866028150901382,0.5006399131628174,-0.1504451244789799
-0.5605626578435182,1.0,0.31270233879246717,-1.0,0.522371042670434,-1.0,-0.793343775895446
-0.6643373633921416,-0.43069249089127953,-1.0,-0.9764177135713615,1.0,0.1808946228673871,-0.98353849475313
-1.0,-0.9384878800815917,-0.10359541579401033,-0.6787731395851331,0.9527673714821794,-1.0,7.599996045594656
1.0,0.8662118583602716,0.1656725667434551,0.4862635137257502,0.4230546930785628,1.0,1.1263729551324941
-1.0,-1.0,-0.6956209024741757,-0.5165679424903729,0.2135694476991138,0.4969042915466957,-3.1060731353428843
-1.0,-1.0,-0.5390465473463664,-1.0,-1.0,-0.545404145594687,2.47239673780029
1.0,-0.3124567874778539,0.34577550876314234,-0.1949452104630122,-0.4904429167471742,-1.0,7.661093937834394
-0.10585495390410915,0.24418997824021615,-0.10679487752206274,-1.0,-1.0,-0.07068883429636919,1.6011740375286343
-0.6818871353813216,1.0,-0.1968770338526945,0.7849488342048622,-0.5539394719973667,-0.028104849904221574,-0.8450705193429602
-0.09497030300158871,-1.0,-0.5036343330180294,-0.08660528194353057,0.7377933839399801,-0.656711846777291,0.5632053084795786
1.0,0.08326856480130518,0.9449603295926117,0.2543057280840453,0.8362624842831298,-0.8326508911419678,-2.005413423932609
0.006515459704158344,1.0,0.08280034629091237,1.0,-0.9473180258058906,-0.2879531143426757,2.5387965693701493
1.0,1.0,1.0,1.0,-0.7668371732597112,0.7137711121551515,1.165642114200024
0.24537577223017948,-0.19339828131611886,-0.20082042048809529,1.0,-0.5509631434700568,1.0,3.7932412067078527
0.13398550477245286,-0.8359297487442597,-1.0,-1.0,-0.16003617382664148,-0.7414817434697747,0.6278334597046916
0.7740859608497177,0.8595774368218603,1.0,1.0,-0.11661725404193986,-1.0,3.7376268183173917
-1.0,-1.0,-0.703649168748959,-1.0,0.34026917646592736,1.0,-2.456836897067337
0.8386468939065368,0.9117997751244361,0.4756419657958595,0.6368534632814745,-0.7001647700877159,1.0,3.139957902230444
-0.08861684224254834,1.0,5.487190445482848e-05,0.3162139134182348,1.0,-0.09750533500348266,1.3634979166507561
-0.4343457293860654,0.7512170156402329,-0.4197491508649023,-0.24894607810303815,-1.0,-0.11782593491388632,-0.5867506595467202
0.7511741222201835,0.32050217759297384,-0.1802969592354099,1.0,0.031484821640752836,0.9492727065232527,1.9382652876273037
0.22885424745888527,0.08048702104939043,1.0,0.9966892671647825,-1.0,-1.0,2.78746819819826
-1.0,-0.24321237835221649,0.08221111690592264,-0.863677827549086,-0.46024452374873015,0.16445146309289196,-1.421211925810609
0.24012090165674171,1.0,1.0,-0.5088153181453265,0.4094477926455792,0.22370438133611992,-1.7733427952684717
-0.017374932167446955,0.8840340944811969,1.0,1.0,-0.6349817907892463,0.24064815807092066,-2.2355816981852383
0.2652616045240494,0.3437647436146862,-0.526251622135918,-0.8733963723012432,-0.4612983418325022,-0.8954093656434858,0.43571015468173546
0.4860515955102959,0.3948096881891252,-1.0,1.0,-0.36576452251292624,-1.0,1.9605894385685498
0.9426782053959197,1.0,0.5208718269283941,1.0,0.21045785868032502,-0.17872175995291006,0.06413443729695856
1.0,0.4958066306195186,1.0,0.1281816463204788,-0.048149262591232034,-0.11898924039552294,1.0851994804479221
-0.24880668002624878,-0.5324194171423362,0.5083439303627998,1.0,-0.15443184643971586,0.6300750317619076,0.07059881030626793
-0.6144992846305326,0.1972854582365492,1.0,0.508227012096757,-0.8170137425583781,-1.0,-0.251512707861862
0.7803967456803756,0.0017484193866298403,0.9169607208678472,-0.9422358048760273,0.38923373444729714,-0.8621342018836895,1.2031255718693923
-0.5929594162359941,-1.0,-0.803702668624626,0.008639382042859078,-1.0,-0.6369963699822558,-3.0938071619059406
-0.11830960736121815,-0.8933027102645301,-1.0,0.1646707323454611,-0.8153556096756069,-0.5758720188428929,-0.84295856929878
-1.0,-0.42677364185260225,0.5725160425685263,-0.19654931508567586,0.017241726353766418,0.26855478517798015,-1.498325307822573
-0.17660880577128402,-1.0,-0.22437168572887622,-1.0,0.1573267621535357,0.0584838933722963,-1.1899600716685077
-0.6812947804826023,0.9943502511273099,1.0,1.0,0.4802490453078019,-1.0,-3.39120291256654
0.9903787152212082,0.4519019624299847,-0.4868382493979899,0.2909667475300566,-1.0,-1.0,5.551359557761033
0.0240686261575305,-0.05762502711239846,0.05457635063152533,-0.2701434039425169,-0.5304994181930371,0.46681825496527535,-0.021892257985648367
1.0,1.0,1.0,0.41843414728966843,0.5318125938763765,0.061918776168266604,-4.265710990429919
-1.0,-1.0,-1.0,-1.0,-0.49342845103741184,-1.0,3.0862468531135114
0.9436831043626216,0.682512944235458,1.0,0.8278706736665741,-0.08661575162228252,0.5620063334879275,-2.2901593850251256
0.338502421074944,0.916625049918705,0.6467870401834654,-0.13630763397753118,-1.0,1.0,3.1419529384304585
-0.5528689415598709,-1.0,-1.0,-0.2734441500904812,-1.0,0.2276986718660124,-4.6047922335932485
-1.0,-0.3262918074635439,-0.3370883359562131,-0.2911226101068016,0.30050588980343257,0.2503573267469045,0.7119691674811108
-0.5872110823801607,0.4337746979787764,-1.0,0.3092031392164913,0.7404006778263604,-0.3261578333632813,0.33179419310318825
0.9167355870825107,-1.0,-0.8757633164378014,0.6225013975594186,-0.7448737722189709,-0.08541275494437306,1.995881369817184
0.40509981547164925,0.5720285253164988,-0.5562252724689488,-0.431821052882403,0.034722868762943726,0.06021453585573783,0.08941616300614039
0.1753454214929393,-0.6189418215294282,-0.10474247835182621,-0.6307509875222268,0.5685237969398508,-0.595583752685136,0.848977665533039
0.5193975105976052,0.34580321904794353,0.9318520065691931,0.8647161156713312,-0.4261876234496052,-0.42027389156444117,1.758166180825719
-1.0,-0.40282866324075717,-1.0,-0.9934460946618497,-1.0,-1.0,3.304977440674744
0.09055703660147726,-0.6984473423544597,-0.5728577218886778,-0.44364207077619844,0.7327020374770227,0.23400840758886354,-1.0999761792257612
-0.40790634430547335,-0.15131797570929278,0.3867296982389822,1.0,-1.0,-1.0,2.327747126335193
0.3443246605156033,-0.578952531314792,0.959631702548973,-0.058553288139226334,-0.5936185291173288,-0.19826278777797673,2.5433199993936104
0.1840246222393889,-0.14999862409259895,0.5604331874975318,-0.02280346440648129,-0.21423368195447873,1.0,1.2883548351697378
0.11982204123850271,0.27800355561268675,1.0,0.7212451881688691,0.24710556934931383,-0.9886464386276811,0.825061834710455
-0.03793603468589013,-1.0,-0.947127302669049,-0.23711806555280202,1.0,0.868079590477074,0.954052265655812
1.0,1.0,1.0,1.0,0.680052331671354,-0.47241242930296184,-5.140350962218128
1.0,0.9321440314869132,1.0,-0.052601113953475664,1.0,0.3538263459128175,-4.795449172136091
-0.020807173519638567,-0.9255978206595862,-1.0,-1.0,-0.5547505999696969,-0.4864437014334402,-0.47513432695604096
-0.03081644439997766,-0.7853288994891884,-0.31449187884798613,-1.0,0.7310679250233272,1.0,1.1875519245223045
0.06412203508476738,-0.522554017680954,-0.6497926907708002,0.27270181307094377,-1.0,-0.7570087336111584,1.3070117980626463
-1.0,-0.9273821468978012,-0.20143033525141973,-1.0,-0.63396350442767,1.0,-1.1740281364140723
-0.17343445831773346,0.8375567647603634,0.12288981857855374,0.6083420678959904,0.82758414027297,-0.4640277761714614,-0.07813951811448772
0.8220551203280074,0.26999095829188907,-0.36924465989273064,-0.03796231563416863,-1.0,-1.0,5.642997372086782
-0.04524706930076383,1.0,0.5741651515777504,0.3559712241466273,-1.0,-1.0,0.11220606517012546
-0.8848972258144173,-1.0,-1.0,-1.0,0.5596828819790935,1.0,-1.9722228727589943
0.6711307102670978,0.3636742736548664,0.7833018146183017,0.37783019063799295,-0.13396459569283192,0.7310866539973668,0.07247528944546305
0.27040123824460127,0.7935023143712191,-1.0,-0.17012181484571523,-1.0,0.4703946214707109,2.8833390469052507
1.0,1.0,1.0,1.0,0.23529287965500922,1.0,-6.246921353847325
-1.0,0.7026040272711847,-1.0,0.4883819384036505,1.0,0.3403120689672188,2.383815077237239
1.0,-0.7549248827769389,0.5028923843013658,1.0,0.23995816626829392,-0.3749200371768085,1.0885262099058324
-0.735664667746261,-1.0,-0.2014624564663594,-0.2833125822186042,0.24207323554330096,-0.970031526819024,3.679411390606775
-0.7609203829110032,-0.2019965393566514,0.42612402434080204,1.0,-1.0,-1.0,-0.36511773501239
0.2483063399842358,0.6504631144954188,-0.3207595118224921,1.0,-1.0,-0.42925104084846655,2.1603167016538496
-0.8066047133941463,-0.5722308524063913,-0.7738382788076643,-0.24697469173547182,-1.0,0.10645523104053542,-1.700459306406144
-0.4202729332229703,-0.48420075346795477,0.9945565366569512,-0.18943659506902366,-1.0,-1.0,0.30958384382703824
-0.4114030921885221,1.0,0.4107200160623331,0.14218243609312442,-0.2505639868839883,-1.0,0.8651651673024521
0.39846656483242654,-0.10626976150061918,-0.1655053954051271,0.8354596191140222,0.8858671114676337,0.2751599956825408,-0.8790478049227064
-1.0,-0.410974586519291,0.11089732224647338,-1.0,0.012940543417790384,0.14369846048175813,0.1811485804986186
1.0,0.3191969651535711,0.25583419776929417,1.0,-1.0,-1.0,9.091782151507651
0.8478741968360343,-0.5748918224794272,-0.3662039217889272,-0.7686472835183511,-0.013501625488946012,1.0,1.9309359468130562
0.020410576713823528,-1.0,0.14304925785738654,0.2143085327823398,-0.6486748134735192,0.0880043033171285,0.45221060380964867
-0.18381432825406652,-0.8114164838696672,0.39543325275312297,-0.9176032233190687,-0.9342287846195869,-0.36644452249528503,3.9648695985811595
-0.4532790373897806,-0.7981977866184717,-1.0,-0.8409026644311464,-0.02640358675803911,-0.6869105870050709,0.6183542747061411
0.11121298177830487,1.0,-0.031089870752307097,-1.0,-1.0,-1.0,3.1891686136217774
0.6339591907244977,0.9529485394315649,0.33773377242846747,1.0,0.0467463414971801,0.5405632200135759,0.13695507289319653
1.0,0.49525467010749,1.0,1.0,0.015289740563202592,-1.0,2.11868912781398
0.6504664364581909,0.5768549185603589,0.649384344511194,-0.26535223333183033,-0.7933332316809547,0.4467175128094888,1.2990644070432693
-0.5462405269592354,0.32443278872098497,-0.33132200990989713,-0.7593887870109333,-0.6516046872298439,-0.7985192574533879,-0.17122721443719235
0.8497963125766661,0.47860095149430243,1.0,0.058438813990408955,-0.9290204322089849,-1.0,4.813194710402795
0.7278812321216092,1.0,1.0,0.9236721173938095,1.0,-0.3939399604157758,-5.554962085529357
-1.0,-0.0807155071649573,0.5060471583660883,-0.13943826499087386,-0.7400791152050135,-1.0,-0.023997035615151097
0.6747066187084476,0.38935455559493426,1.0,0.832616918993937,0.8686026943529038,-0.36419579583817707,-2.9152329528338807
-1.0,-0.2511154376809459,-0.06280069923847764,0.3232423840428317,-0.841442855588554,0.4622657181017358,-2.444863435856901
-0.532126096827902,0.3841381187166797,-0.7631616518916737,0.6428873541069126,-0.261910056583051,-0.9565515611952473,1.9340426452667978
-0.7893728372811447,-0.9482203229739976,-0.476025176017827,-0.12362450524597707,-0.3636553094322552,-1.0,2.16864430083411
0.8636750783750655,0.262269556353853,-0.15897608985533085,-0.15280976046702732,0.6155364354365946,-0.5476011854255192,-0.8792765583801285
-0.5677911450125708,1.0,-1.0,0.32893375112675616,1.0,0.8678366028669393,12.394751765362717
-1.0,-0.4518846491798245,0.20938682145091791,-1.0,-0.6906108352479763,-0.37731573083257725,0.5120477011896889
-0.14228563320173826,0.9520425372178686,-0.3778032781273932,0.491662713215394,-1.0,-1.0,2.2430662753810076
-1.0,-0.6745090343827886,-0.443683105411978,-0.386337447100393,-0.2557644883112491,0.7650557697853919,-1.2166696057974327
-0.36491994811256584,0.6582310885412417,0.3567145470596853,0.9895940390450008,0.05852447998516075,1.0,0.12591449046403652
-0.7564668349766875,-0.4287684016451979,-0.268666548282138,-0.11270088922027877,-1.0,-0.665126857804685,0.09098710093600193
-1.0,0.41969336389922884,-0.8179334690309796,-0.13296648294030447,0.48777947003766814,-0.13017229676756437,0.4771415759278559
1.0,1.0,-1.0,0.5643036447241655,-1.0,-0.09927109529894729,7.431366933231801
-0.04871602917534801,-0.8950132139674418,-1.0,-0.42438355415518636,0.8009561690604345,-0.2042391908981782,-2.4702280326716113
-1.0,0.11512262517108596,-0.8298832112613889,-0.591165266044654,-0.5135206708860294,-1.0,2.2670195658745556
0.5258165827277679,0.8736770878288135,0.28553503570580774,-0.08187561905980106,-1.0,0.15241465467874338,1.0291461705261273
-0.33806571664809715,0.30737606708497994,0.8249199518218886,-0.5759677761773863,1.0,0.7342291898864998,0.27670548160150366
1.0,1.0,1.0,1.0,-1.0,-0.4509726264739762,5.4263099285994745
1.0,1.0,1.0,-0.24986277493264386,0.7642091556816883,0.6765941946320233,-4.776594022163574
-1.0,0.19436043133993852,-0.5258975171385029,-0.4022116802014608,-1.0,-0.16373973041661927,-2.7417765660884483
-0.5033597896281343,-0.47094151152286545,-1.0,0.5812392020993331,-0.7382132127627925,-0.07957335250663196,-1.931596577568675
1.0,1.0,1.0,0.313692061367548,-0.5398768164770538,1.0,-1.3282412072902645
0.6171926552404885,1.0,1.0,0.17820924621400663,0.7775595381024554,-0.851980288814005,-3.570561779903441
-0.32441446536891716,-1.0,0.07673234510480592,0.23693558277357885,-0.7580929290341001,-0.8738125636382794,1.582692863691789
-0.49896010034379223,-1.0,-1.0,-0.47424148565776236,-0.6737161283563079,-0.3452342974631999,-2.7459247545579943
0.2527053311654648,0.3016235147786339,1.0,1.0,0.2666038205569365,0.5478950793270176,-1.8268153013361264
-0.6581715410119598,-0.7665985892645624,0.07647460839553,-1.0,-0.4819093554252742,1.0,-1.1992585803671179
-1.0,-0.055303902509972525,-0.003161970050612084,-0.90218176653566,0.7012816996954829,1.0,4.497968572281575
-0.3578976896138923,0.164573978376797,1.0,0.06288832769241975,-1.0,0.8672873123004299,-3.284560724779887
1.0,1.0,0.6991717130922943,0.01047622961595368,-1.0,0.1610316414292105,1.3561201138831478
-1.0,-1.0,0.030358051389701268,-0.7835669072815179,1.0,0.8089162406146806,2.03643426910722
0.33432202365899844,-1.0,-0.07211390690328723,0.2202038890130156,-0.09664661550640241,0.3406100288272116,0.19566827019852365
-1.0,-0.21425352530632735,-1.0,-1.0,-0.29990276535222815,-0.5410588021310518,-1.2886259966420175
0.4844637918873758,0.4214388712772381,-0.0010311122525298866,1.0,0.04315129044669708,1.0,1.481086697379024
-0.6336805137584491,-0.8642005538345985,-0.04159393228749575,-0.3177609569887805,0.41811798839389924,0.3973865652041588,1.1431409891397675
-0.16978945648812804,1.0,-0.5962245237461113,0.7808360245932442,0.6343142452552394,-1.0,2.826780914840444
-1.0,-0.5676768399825902,-1.0,-0.21150101548423117,0.8892014985381239,0.6753568227992874,1.8770501608940569
0.37197609233706275,-1.0,-0.33876497612048156,-0.39118383806992413,-1.0,0.5561265846306035,2.8679489982810287
-0.2182568058986239,1.0,0.06957775706610836,1.0,-0.12212450104715533,-0.42846942605077654,1.0003805769018619
-0.8363733770704581,-0.6972209421861417,-0.63387329090817,-1.0,1.0,1.0,3.9513012980928175
-0.565827290030253,-0.7561469384869011,0.05795383563827661,-0.44390011280168196,0.8014873667179798,1.0,1.9371271593003896
0.32592588400481504,-0.4146803604433342,0.2738272448435636,-0.9973164747558638,-0.6056894366940748,-1.0,6.036039484130072
-0.5539139168022831,-0.6851856274587187,-0.1981234130781681,-1.0,-0.059381222116261956,0.3932353645340889,-0.9581426449635173
-0.5613294058005609,-1.0,-0.5556691995430021,-0.4252688800794543,-0.5944609050455976,-1.0,2.8382506275481765
-1.0,-0.0074106429575544475,-0.46328222175743194,-1.0,0.5775835522117055,0.7228590811810152,3.3071776407068096
1.0,0.4911240938736021,1.0,0.16471614145922553,-0.6162423326421398,0.12077434083507937,2.9003033903357074
0.9644901598087481,0.9349765570686153,1.0,0.5385288421132712,0.5437232973705786,-1.0,-1.962317894661533
-0.6495719958362801,-0.3866805230565757,0.22938791744084297,-0.32012758798980123,1.0,-1.0,4.850829513544829
0.2183916042971875,-0.2994735235747567,0.09852660418479953,-0.13877937462850243,1.0,1.0,2.7353868669574517
0.12540040758288085,-0.2829389290659765,1.0,1.0,0.0697537402949382,1.0,-2.866507659901219
0.2546589570478661,-0.300285769149625,0.6865101768247996,0.7638765314934826,0.06692021870435709,1.0,1.0754412773155306
0.6788224305258556,1.0,1.0,-0.6660865603084448,-0.27512907770493755,-0.8055147733045127,-2.1896140548761913
-0.20003793381579937,-0.945917999468054,-0.4168466480042692,-0.5376950255664539,-1.0,-1.0,4.408208352787511
-1.0,-1.0,-0.0063621003617052585,-1.0,-1.0,-1.0,6.252409547594746
1.0,1.0,0.24918649066129261,-0.2242688805734867,1.0,-0.9013340588515683,-1.2450351291517052
-0.9353659134784649,-0.9009861058640908,-1.0,-0.5859553460168481,-0.05362514176119282,-1.0,5.312486084080337
-1.0,-0.6517149311652981,-0.913445001422847,-0.1415520746879002,-0.8221949599643508,-1.0,1.9553146096498097
-0.4682400555440096,-0.764378550022516,-1.0,-0.1696309033299097,1.0,-0.531457489768263,-1.046864200556476
0.3635888237231185,-0.9546715176806554,-0.5201277984804153,0.5706345223178673,-1.0,-1.0,3.352687157049019
-0.5699012983233339,-0.8053655398167913,-1.0,-1.0,0.9489401245752462,1.0,2.6756560514821235
0.7135646438052983,-0.00545484998186474,0.5150335289653325,1.0,0.5963424619161752,0.887581856531293,-0.521050268588201
-1.0,-0.23739093029250924,-0.889765883327527,-1.0,-0.8483826839865612,-0.42613145261059815,-0.9506600538149701
-0.7115591140447655,-1.0,-0.10980877426012992,-1.0,-1.0,0.4575889933576004,2.1188756759275047
-1.0,-1.0,0.3373428134362819,-0.7245504185222885,0.6007444103299656,0.18501467848739114,1.0755078239938831
0.5744497766155764,0.07080105276149695,1.0,0.7705147863324855,-0.7974502473596449,0.06232679217536008,1.5077226042164282
-1.0,-1.0,-1.0,1.0,-0.2003821098330525,-1.0,-1.4474969188471847
1.0,0.47978173901593657,1.0,0.538283531474568,1.0,1.0,-6.059338066489674
-1.0,-0.8650528158199865,-0.23928506095129387,-0.6677111221395198,-0.6535211600198074,-0.6657867334226297,1.0072409306521157
0.8723620125977858,-0.007383059912435375,1.0,-0.04717639420072209,-0.5934526456384883,0.269305237626674,2.02733101510296
0.9476748772390216,1.0,1.0,-0.15938524416987165,-0.4451929192910916,0.8022619525922915,-1.4755217566184402
-1.0,0.6199887556539202,-0.6476116818685356,0.2309357929336588,-0.4843665879468001,-1.0,3.2752422542938677
1.0,-1.0,-0.48153305091689497,0.5111668571003005,0.2720925657764306,-0.4548826849580898,-0.8542234129852939
-0.03309621144454411,0.2930854991625132,0.7187386491644534,0.836072179786742,-0.847063680945942,-1.0,2.54286486513555
0.22259994281848683,-0.2509683006181944,-0.5741870933019827,-0.09160558601069585,-0.7324712116995185,-1.0,2.1582561788756505
-0.4570840426920885,0.7343161065071988,-0.07314857413849996,-0.3671863418217022,-0.3606992759532155,0.26778383999824945,0.3870021537646041
-0.22606224572342892,-1.0,-1.0,-0.06179926435280181,-1.0,-0.13451753001423228,-4.078026017073788
1.0,0.008326154364847849,0.035967948366580016,1.0,1.0,0.900689942269322,0.8967373344396754
0.041129584820671194,-0.27896626197104235,-1.0,-1.0,-0.1528923695413722,-0.058575738777087105,-0.7443226255091633
0.1920132075469646,0.8665329247874662,1.0,1.0,0.8229691691435785,0.4291038413400752,-5.498685518930195
-0.1377708060562114,-0.15298700164237378,0.015448975773322271,-0.6473056277938051,-1.0,-1.0,2.827643752197883
0.18380431720809787,0.9614593014063939,0.788940780094888,0.30157272266189716,0.02381377929792694,1.0,-1.1422255841986904
-0.5828490958416195,-1.0,-1.0,-1.0,0.6131389457770199,0.1552417782013843,-6.273952465311781
0.023776278889625857,0.38053103445248926,0.47158531247688407,0.8248961111446198,-0.5567194051793238,0.08197923601589363,0.9916654260075987
-0.651003713904973,-0.986610669377485,-1.0,-0.7392490279909265,-0.728644854550752,-0.7605250233270976,-0.6695017548724511
-0.5752986575062241,1.0,-0.048783054312320245,1.0,1.0,1.0,4.940627063556231
0.5435685631374938,0.5268044765454953,0.2655291657580503,-0.7678234637603324,-0.12773397586990742,-1.0,3.766557687790375
0.6059549226778848,0.060843792639708266,0.5804690905772947,1.0,-0.01005936894314316,1.0,1.2261756422839696
-1.0,-1.0,-0.3790201082968716,0.3093421320462248,1.0,-0.15935358447257064,0.8239864834538388
-0.4719715018099333,-0.6486552429049207,-0.7702150699056176,-0.7639110909873452,0.4983281306013989,1.0,2.8449818031143366
-0.45589755982645147,-0.786040674342454,0.03470684581628858,-1.0,1.0,1.0,2.228723021074988
-0.43739066172966,-1.0,0.1157868483068088,0.16308741364091106,-1.0,-0.8804247189927369,2.2470914049036272
-0.41554371116454425,-0.3334539772589227,-0.45175187347928414,-0.02689820141891114,-0.07511753889165224,-0.35918187875143626,-0.6398463503479997
1.0,-0.06138891908682925,0.04426576688586459,-0.3744233358793888,0.06967836427919594,1.0,2.6184854729367046
0.7543455237815848,0.3521327382420577,0.5005892801288759,-0.6203419769460908,0.12630739859143655,1.0,2.1889302165887305
-0.8788382306320213,-1.0,-0.4927006837867609,-0.7972250964982823,-0.7368530342421415,-1.0,3.1851075916826943
0.7597808018238037,0.7551181082824238,-0.6949114746064552,0.614583826731498,0.35903238087164546,1.0,2.984478328885978
0.1418775299211023,-1.0,0.3888930901941381,-0.0757516942077282,0.31256616921552605,0.5481477124546601,-0.6054679674076857
-0.5610951248303725,-0.6743559879802048,-0.7442299319764647,-1.0,0.8081853826586936,1.0,2.934084125609495
-0.5319080958293697,-1.0,-1.0,-0.3918391519917436,-1.0,-0.7083184279666886,-0.3064030859316442
0.16048840978279277,0.4390135511302934,0.18080993909484736,-0.7437484462653406,0.6469979718466329,0.8033212031719146,2.857476563574638
-0.17353119590554822,1.0,1.0,1.0,-0.07415409894820174,-0.9193071898237632,-0.3524596288588112
0.05099393876820335,1.0,0.584710624188707,1.0,1.0,0.8558377041813183,-1.7378135185291421
1.0,1.0,1.0,0.024693529317747265,-0.10143185739442544,-0.6764973829109654,-1.335755597305244
-0.4790345347503194,0.12148359328160727,0.3278058628571121,-1.0,-0.58518998042276,-1.0,0.9067970011733679
0.23189423194978406,-0.6595082032623849,0.42581862477791144,-0.6379252192170148,1.0,0.7723307265388055,-0.5636143863634182
-0.974565151543108,-0.5832575811188782,0.3330020740585351,-0.7968414791185885,0.1808387891546266,0.689819713708897,-1.794865292863219
0.9137891471793338,1.0,1.0,0.8292704711181906,0.03533257990668706,-0.2658368442893093,-1.560940284779054
0.14165715017054914,0.09764412094770802,-0.6900796754205376,1.0,0.3539511549319906,0.453560448120216,0.855459790888961
0.7394313001508886,0.5283689674756097,-0.2034678154920342,-0.15029215352350123,1.0,0.05347729553026208,-0.9269461395582743
-1.0,0.14539204174395115,-0.5932145039486733,-0.14389208498950534,-0.45283606100747287,0.5321868874780941,-0.9126830155635695
1.0,1.0,1.0,0.940280239971478,-0.03943601533858587,0.8893315446830063,-4.425742422434192
-0.05112300415301951,-1.0,-1.0,-0.7809660315525401,0.6762357132646968,-0.7982968376862114,-1.0342405437458302
-0.21566213762377284,-0.6739422307037801,0.2510344420168381,-1.0,-0.12010662704166714,0.08363910650163198,-0.052852628823851
-1.0,-0.9092733358318709,-0.6310176350300836,0.515611658742973,0.31143827357520315,0.9864400124834227,2.787597260445717
0.14724961458944102,1.0,-0.6301667808923829,0.3564872583249628,1.0,-0.17040623043219938,1.444115732843928
1.0,1.0,0.699560517925862,0.6194218919913111,-0.1135654406726479,0.3993679262925579,-2.291384502490678
-1.0,0.41631364594150866,-0.06815445691390809,-1.0,0.059446922679589564,1.0,2.5627746113356724
0.4318932860895326,0.11017742183351587,1.0,0.47507284859537346,0.6429022078941582,-0.47050154161872204,-0.34236885294214275
-0.5382608083769846,-1.0,0.6049309047235922,-1.0,0.29723338372606745,0.39057431510315666,-1.3606101368315695
-0.9319000260983545,-0.6025171819366946,-1.0,-1.0,-1.0,-0.6383871017723677,-0.24969614695517017
0.7965961612057298,-0.22831323781137336,-1.0,0.5263248108027875,0.24694523852787803,-0.0073088327892822935,-0.5249355521377975
-0.7267363210972921,0.6089697018474969,0.3094558172477274,-0.7128332485530484,-0.8667175731579352,0.3561175628479265,0.17708035063837935
-1.0,-1.0,1.0,-0.6834847517421149,0.3287345894406881,0.6294109305311245,-2.3191396560665622
-0.348750203657487,-0.7860244507263248,-1.0,-1.0,0.12767533572731427,1.0,1.5374994587188464
0.20969998724698502,0.35916746797960086,-0.5122908127251078,-0.3695900267986915,1.0,0.2782375402765651,0.2763746530839669
0.8724059474257007,0.07206834601802725,0.7085588139708796,0.008242498167179813,0.8151345558548917,1.0,-2.8306089968670824
-1.0,-1.0,0.5672143013210841,1.0,1.0,-0.19100608551030596,1.2070373917238522
-1.0,-1.0,-1.0,-0.6736267514768901,0.7133197583231676,0.8873952799243434,-1.106910052670625
-0.014418743555266955,-0.475322518782068,-1.0,-1.0,1.0,0.8040240259536315,1.4042091555239185
-0.9586146788634758,-1.0,-1.0,-0.43656311910877343,-1.0,0.7482550814982757,-1.6740182608791678
-0.14954327762857328,0.6913293717069675,0.3105931171665248,-0.18519747624686445,-0.7623122538984557,-0.5326458461550853,0.14127121641581952
-0.6805893677954269,-1.0,-1.0,-0.4937378695421947,-0.6414591861262804,-0.27295932660697647,-3.4973416764860796
-0.7152238982173489,-0.9568675473804977,0.5737443659823497,-1.0,1.0,0.39680268641220984,1.1109092997982812
-0.5909117140981124,-0.354397489653454,-0.7010640620027804,-0.21193971634703276,0.3575255471430741,0.5280481124239501,2.217503764513805
1.0,-0.4305860356025513,0.5694284542197988,1.0,0.26128923556714767,0.9519731565821064,0.37797490566073244
0.30239148404135374,-0.5469175912268442,-0.5115790917288843,0.47689566173219977,-0.705895634419418,-0.572223277223398,0.498402685581692
1.0,0.09445200884968763,0.7411054339315531,1.0,1.0,-0.4565318152719018,-3.6301443447171033
0.5860333988822813,-0.2571703226816091,-1.0,-1.0,0.5857824298112466,0.285088065744904,-2.4869893641028544
0.5086469847182498,0.020826659115201873,0.16345433304448972,1.0,0.7175930773271588,0.571369855279307,-0.27624044910013823
0.8044664322845179,-0.6979108106765859,1.0,-0.024940392636289,-1.0,-0.6850476627105507,8.1794137292974
-0.5599980934896704,-0.8430872535935391,0.9529230776973766,1.0,-0.028166888395683265,-0.9367929283297721,1.1194030694683241
0.3690052348892059,0.36416392619660454,1.0,0.9476734279387482,1.0,1.0,-2.59413839536293
-1.0,-0.5413240190451996,0.8746683901793635,-0.8672717760243124,-0.3109240110741669,-0.37454408813918677,1.48335053969052
0.2024290338842043,1.0,1.0,1.0,0.21832234306132747,0.820858068877459,-5.592333452623495
0.3187514302136709,0.9799647109828895,0.10189127896547351,-1.0,0.5429232799991974,0.7235338258765192,3.4410424361993908
-0.529179299512312,-0.2118490506697197,-0.6396986919065101,-0.4837187247249325,1.0,0.6346053504842748,2.171600436629192
1.0,1.0,1.0,0.7528629512467879,0.3987310632958549,-0.029804528838106692,-3.7181724066622532
-0.005983393647479962,1.0,-1.0,0.32983515313803524,0.21581665968239927,0.004156905383324361,1.9581674618470124
0.07148719550858917,0.28840026543648795,0.20694244132488812,-0.12535968571244777,-1.0,0.6045425629530412,1.5625472618959975
-0.6021120857056406,1.0,-0.29250113677576406,0.9575290650743213,0.10286130738129032,-0.3895450120866597,0.48255223183677776
0.22820061804896818,1.0,0.48656458258977964,0.8083237243158892,1.0,1.0,0.8939047912355527
-0.49796472156238397,-1.0,-0.3086932555045935,-1.0,1.0,0.3394975701847599,-0.5834432250967088
0.5501108153911365,-0.5835822958927329,-0.06396834097823312,-0.10842547626757443,-0.23946304354438747,1.0,3.070693999370262
1.0,0.8104728506274815,0.6271742809644821,1.0,0.8476099652723512,-0.38329065932452333,-2.0250509995790305
-1.0,-1.0,-1.0,0.1065035072274797,-0.9510897201466606,-0.5404344740031678,-4.873723768408268
0.9086399126183204,-0.31584177463575974,-0.30111022792016434,0.1714066839567332,0.2924413852169774,1.0,1.3510189435286781
0.6733006840034255,1.0,1.0,0.5048497460955297,-0.8765588645632445,0.4754586138521919,-1.3374664070259572
-1.0,-1.0,-0.7070141048018501,-1.0,-0.20996118261177743,-0.31666825472027993,-3.595869687231469
-1.0,-0.41474424157531753,0.20132749165616087,-1.0,-0.7052465503805098,0.3180334053788596,-2.086757048582191
0.6981547569945361,-1.0,-0.3836271745382377,1.0,-1.0,0.0004129088791641339,4.134646785232228
1.0,0.2305403484399744,0.9547073251970718,0.43249807400057394,1.0,1.0,-5.36003207388785
-0.18109659542969445,0.5960237467917461,-0.47201136951043327,-0.719138293985177,0.0738502021493953,-0.1450672593059007,0.05722250516374511
-1.0,-1.0,-1.0,-0.5068667083627183,-0.20024626961675074,-0.7684567890228791,-0.4917423142087922
0.6269252774387719,0.46220131073790616,0.5233211557957551,1.0,-0.4564323855420111,-0.6864683329326354,3.5636358695924897
0.7261074955361798,-0.9335996025767475,-0.9820661011131987,0.5490012788547404,-0.03731574060599485,-0.5942220395634052,-0.9589391957905071
-0.8385891004366268,0.4252297791413461,1.0,0.7329779616541519,-0.30565074032246775,1.0,-4.352032772491785
-1.0,-0.4629449625656446,-0.8537349539000594,-1.0,-1.0,-0.6896468251029761,0.5724885980526884
0.7781275994950296,0.6942899704698938,-0.3419793441961029,1.0,-0.5976110074590892,0.8429582658158626,4.863500079688185
-0.34743531959887397,-1.0,-1.0,-0.8139836605456809,1.0,-0.2573041819069705,-3.3883578482147403
-1.0,-1.0,-0.9763089122604556,-1.0,0.701573924238226,0.7528523451083822,-5.739815872766965
-1.0,-0.3160493951923872,-0.032737526156497276,-1.0,0.08232641261022802,0.229307253342113,-0.4850861045993795
-1.0,-0.5408337043456508,0.48843295364188677,-0.9956513515462233,-1.0,0.033903516538662484,0.6785525059602485
0.07483313658332014,0.9698336949472883,1.0,1.0,-1.0,-0.08888860316115538,-1.6584997698920436
-1.0,-1.0,-1.0,-0.42391069591019326,0.2749955656734182,1.0,1.482919083453692
0.8526751857830237,1.0,-0.0197609163457253,1.0,0.9392200891930947,0.049203650678594446,-2.1660201037488083
-0.4045999787676069,-0.3297705589172901,-0.397372316942181,-1.0,-0.9312991535418156,-1.0,1.7761160200480455
0.9373692254054755,1.0,1.0,-0.24117715190940903,1.0,1.0,-4.3943084009655085
0.0644599447725035,-1.0,-1.0,0.4202145869805142,-0.6160976263102727,1.0,3.7267292402683916
-0.6749374184631043,-1.0,-0.014349681210974907,0.11790510409282584,-0.8389235796000489,-0.32762395180484494,-0.03704312924553793
0.8717353818068949,-0.3332634564232191,-1.0,-0.36023356462062583,-0.36176717364141475,0.21648837953059474,2.637522639932836
0.35009405002113025,0.22970437878511002,1.0,0.40969481656799034,-1.0,-0.1496882962620958,1.0572932202332839
0.2905331974573082,0.9223525460743316,0.47445532860302925,0.4039008608588752,0.07307734490101847,0.2536248253713505,-0.8310075535897451
-0.5509840093654643,-0.9780511962466119,-0.17371004791688582,-0.3251394763169746,0.7717993449018452,0.006187784985531963,0.424083860048619
-1.0,-0.5184311593558577,-1.0,-1.0,-0.08900973628343556,0.5226705669387236,-2.0169747900366954
0.08315623130335559,0.4011440536232233,0.19263789648102714,0.65721533184868,0.7865790423633474,1.0,3.4578605906885773
0.3769741265793072,0.2931150345930762,1.0,0.7404193442377209,0.28673014253727747,0.7816537896440326,-2.0588758043756936
-0.45552121634679843,-0.22426888117841914,-0.3023096257366293,0.5462829331901679,-0.4931257062998082,-0.5015923416697043,-0.8168457199234587
0.5811382738760721,1.0,0.32252096610873304,-0.07555725909127442,-0.13591123718559572,-0.6139810661141002,0.003420361799153143
0.15123840885430062,0.2947795814295786,-0.40752954438221944,-0.01782854942324752,-1.0,-1.0,0.9946743636107953
0.2686887792560262,0.8896387657307905,0.6721873539383795,0.9814379708458061,-1.0,-0.2896092537945918,1.0989104102609542
